player_id,name,team,position,age,games_played,avg_disposals,avg_kicks,avg_handballs,avg_marks,avg_tackles,avg_goals,avg_behinds,avg_hitouts,avg_score,price,potential,draft_pick,draft_value,injured_last_year,injury_history,games_last_3,form_last_5,predicted_score,value_score,risk_factor,upside_factor,adjusted_value,overall_rank_score
P0000,Anderson Sam,St Kilda,RUC,27,8,19.57,10.09,9.48,6.37,4.15,0.36,0.36,34.34,121.8,766800,1.0,12,0.88,0,0,1,111.62,119.58310984263312,15.595084747343913,1.0,1.0,15.595084747343913,119.58310984263312
P0001,Jones Dan,Carlton,FWD,26,26,21.33,10.69,10.64,5.19,4.0,1.89,0.28,0.29,96.81,607491,1.0,21,0.79,0,0,3,84.16,96.81105016505046,15.936211427831928,1.0,1.0,15.936211427831928,96.81105016505046
P0002,Taylor Dan,Brisbane,FWD,19,8,16.59,8.35,8.24,4.65,4.8,2.56,0.23,0.27,90.51,628744,1.2,32,0.68,0,0,3,102.99,90.51006150427843,14.395375781602436,1.0,1.6543999999999999,23.81570969308307,149.7398457526782
P0003,Davis Matt,Port Adelaide,MID,26,3,23.07,13.81,9.26,3.65,6.22,1.21,0.25,0.78,104.1,665309,1.0,6,0.94,0,0,1,85.92,104.09883178084176,15.64668924978345,1.0,1.0,15.64668924978345,104.09883178084176
P0004,Wilson Luke,North Melbourne,RUC,28,35,15.89,8.13,7.75,5.46,4.19,0.95,1.51,32.71,112.98,700238,1.0,13,0.87,0,0,0,91.8,112.98064098904948,16.134605803890885,1.0,1.0,16.134605803890885,112.98064098904948
P0005,Williams Jack,Essendon,MID,22,35,17.52,9.16,8.36,4.58,4.15,1.0,0.58,0.85,81.95,551153,1.1,36,0.64,0,2,2,92.03,81.95136825296603,14.869077779303757,0.8,1.3728000000000002,16.32981598034256,90.00227067013743
P0006,Smith Dan,Port Adelaide,DEF,18,1,21.38,13.09,8.3,6.91,3.67,0.34,0.22,0.0,93.51,653201,1.3,19,0.81,0,3,1,93.41,93.50974318031582,14.315615435419698,0.7,1.8623000000000003,18.66197943776747,121.90023630729154
P0007,Taylor Luke,West Coast,DEF,24,1,21.38,13.57,7.81,8.87,6.13,0.0,1.15,0.5,109.1,741528,1.0,16,0.84,1,2,0,97.84,109.09993662575138,14.712854622583553,0.7200000000000001,1.0,10.59325532826016,78.55195437054101
P0008,Williams Tom,Fremantle,MID,29,96,23.05,11.87,11.18,8.87,5.16,0.63,0.72,0.76,110.5,684475,0.95,8,0.92,0,0,0,129.97,110.49892801362208,16.143603201522637,1.0,1.0,16.143603201522637,110.49892801362208
P0009,Johnson Dan,Adelaide,FWD,29,14,21.49,11.91,9.58,2.94,4.11,0.63,0.8,0.32,85.09,565121,0.95,35,0.65,0,0,2,96.89,85.03799295119013,15.0477495883519,1.0,1.0,15.0477495883519,85.03799295119013
P0010,Brown Josh,Melbourne,DEF,28,25,27.15,18.85,8.31,5.71,0.13,0.33,0.1,0.2,93.1,607831,1.0,26,0.74,0,1,2,85.95,93.10051002432118,15.316841362865858,0.9,1.0,13.785157226579273,83.79045902188906
P0011,Taylor Josh,Richmond,RUC,26,30,15.18,8.96,6.21,1.1,1.73,0.91,0.39,39.38,94.74,633561,1.0,39,0.61,0,0,3,77.45,94.60915020672407,14.93291888337888,1.0,1.0,14.93291888337888,94.60915020672407
P0012,Williams Tom,GWS,RUC,24,28,16.02,8.93,7.1,2.58,2.1,0.47,0.1,16.01,76.03,457527,1.0,46,0.54,0,2,0,67.18,76.03114016777884,16.617847726533917,0.8,1.0,13.294278181227135,60.82491213422308
P0013,Williams Tom,Hawthorn,RUC,26,53,16.68,9.51,7.17,1.93,1.59,0.65,0.65,34.11,93.74,728041,1.0,36,0.64,0,1,2,104.83,93.74025469339176,12.875683470215519,0.9,1.0,11.588115123193967,84.36622922405259
P0014,Anderson Ben,West Coast,MID,21,14,23.33,13.46,9.87,6.1,2.46,1.76,0.91,1.05,100.74,679285,1.0,6,0.94,0,0,1,112.63,100.74015278950722,14.830321998793913,1.0,1.3068,19.380264788023887,131.64723166532804
P0015,Johnson Jake,Essendon,MID,32,4,21.61,12.78,8.83,1.9,4.31,0.87,1.14,0.67,86.03,572969,0.8,14,0.86,0,1,0,88.3,85.97577225194995,15.005309580788829,0.9,1.0,13.504778622709946,77.37819502675495
P0016,Wilson Dan,Richmond,DEF,27,21,22.4,14.48,7.92,5.16,4.28,0.3,1.08,0.35,95.11,633055,1.0,29,0.71,0,2,3,109.08,95.11020983159166,15.02400420683695,0.8,1.0,12.019203365469561,76.08816786527333
P0017,Anderson Alex,Western Bulldogs,FWD,20,25,18.82,10.95,7.86,7.27,3.67,1.08,0.24,0.42,92.25,582507,1.1,29,0.71,0,0,2,86.22,92.25045494890462,15.836797660612596,1.0,1.4993000000000003,23.74411073255647,138.31110710489273
P0018,Taylor Jack,Brisbane,MID,24,41,16.42,8.78,7.64,5.9,4.84,0.0,1.06,0.92,80.66,584580,1.0,36,0.64,0,0,1,83.26,80.65960272076799,13.797872441884428,1.0,1.0,13.797872441884428,80.65960272076799
P0019,Taylor Sam,Port Adelaide,RUC,21,9,17.37,9.61,7.76,0.32,2.89,0.32,0.38,27.61,86.77,600156,1.0,12,0.88,0,1,1,86.53,87.04073710947512,14.503018733375175,0.9,1.2936,16.884994530144713,101.33630777233532
P0020,Smith Josh,Collingwood,FWD,32,259,19.62,11.16,8.46,5.18,3.12,1.79,0.35,0.54,90.08,549759,0.8,27,0.73,0,0,2,80.47,90.0805566001055,16.38546283009564,1.0,1.0,16.38546283009564,90.0805566001055
P0021,Miller Jack,West Coast,FWD,22,2,23.44,13.54,9.9,0.93,5.36,1.76,0.3,0.3,95.76,623136,1.1,32,0.68,1,2,0,101.48,95.76094889253709,15.367584105642603,0.7200000000000001,1.3816000000000004,15.286935024256197,95.25839543274908
P0022,Davis Josh,Adelaide,DEF,25,3,20.05,13.14,6.91,6.05,5.0,0.59,1.15,0.39,96.45,605689,1.0,38,0.62,0,2,0,88.0,96.4951344562599,15.931465563393079,0.8,1.0,12.745172450714463,77.19610756500794
P0023,Taylor Jake,Gold Coast,FWD,26,22,13.84,7.24,6.6,3.4,0.99,1.74,1.02,0.0,60.56,368573,1.0,36,0.64,0,0,0,71.23,60.5602489225223,16.43100523438296,1.0,1.0,16.43100523438296,60.5602489225223
P0024,Johnson Sam,Hawthorn,MID,29,261,22.65,11.67,10.99,1.57,7.71,0.75,0.02,0.87,97.95,619696,0.95,39,0.61,1,4,0,110.21,97.94984175619577,15.806111667042511,0.54,1.0,8.535300300202957,52.892914548345715
P0025,Johnson Josh,Essendon,DEF,28,26,23.25,14.51,8.74,4.69,2.44,0.13,0.6,0.07,86.26,582407,1.0,24,0.76,1,2,0,69.78,86.27435111342275,14.81341246128957,0.7200000000000001,1.0,10.665656972128492,62.11753280166439
P0026,Brown Tom,Western Bulldogs,RUC,25,32,18.46,10.85,7.61,2.47,2.6,0.95,0.37,37.02,108.63,691535,1.0,8,0.92,1,2,0,112.54,108.62905420307365,15.708395699866768,0.7200000000000001,1.0,11.310044903904075,78.21291902621304
P0027,Williams Ben,Fremantle,FWD,28,19,17.59,9.71,7.87,6.94,3.97,2.97,0.54,0.27,100.2,636754,1.0,11,0.89,0,0,2,93.85,100.2006214010921,15.736158924968215,1.0,1.0,15.736158924968215,100.2006214010921
P0028,Jones Jack,Melbourne,FWD,26,9,14.24,7.61,6.63,4.87,4.43,1.21,0.34,0.4,76.46,484964,1.0,28,0.72,0,0,0,75.26,76.4594040942521,15.7659958459292,1.0,1.0,15.7659958459292,76.4594040942521
P0029,Davis Sam,Port Adelaide,MID,22,16,23.63,13.44,10.19,2.55,5.08,0.87,0.74,0.51,95.16,623032,1.1,11,0.89,0,1,2,103.55,95.16009556409423,15.273709145612784,0.9,1.4278000000000002,19.627021726295343,122.2826260017724
P0030,Wilson Jake,Carlton,RUC,25,30,17.91,9.14,8.76,6.29,0.0,0.26,0.44,22.76,88.56,579940,1.0,36,0.64,0,0,1,75.09,88.24384671596455,15.216030402449315,1.0,1.0,15.216030402449315,88.24384671596455
P0031,Smith Matt,Hawthorn,FWD,24,3,23.92,13.24,10.68,8.05,3.81,1.17,0.24,0.26,107.98,656377,1.0,12,0.88,0,0,1,128.99,107.97988729424719,16.450894424126254,1.0,1.0,16.450894424126254,107.97988729424719
P0032,Wilson Sam,Fremantle,MID,24,66,13.61,6.92,6.69,6.59,5.29,1.52,0.67,0.48,85.35,587040,1.0,39,0.61,0,0,3,75.28,85.34889208764963,14.538854607462802,1.0,1.0,14.538854607462802,85.34889208764963
P0033,Wilson Jack,Adelaide,FWD,25,49,24.84,14.32,10.51,5.03,1.69,1.84,0.0,0.4,97.27,670844,1.0,30,0.7,0,0,2,85.66,97.20555482717397,14.490038641945665,1.0,1.0,14.490038641945665,97.20555482717397
P0034,Brown Matt,Essendon,RUC,34,134,13.19,6.73,6.45,4.68,3.97,0.71,0.7,28.84,96.78,624989,0.52,32,0.68,0,0,3,109.47,96.77946741534579,15.484987322232199,1.0,1.0,15.484987322232199,96.77946741534579
P0035,Jones Matt,Essendon,DEF,27,119,14.84,9.37,5.47,9.42,5.65,0.65,0.58,0.12,94.52,641283,1.0,21,0.79,0,0,2,89.05,94.52090884842077,14.73934422843281,1.0,1.0,14.73934422843281,94.52090884842077
P0036,Wilson Josh,Gold Coast,FWD,21,56,19.15,10.78,8.37,3.25,2.4,2.41,0.79,0.55,84.2,557688,1.0,32,0.68,0,0,1,75.73,84.20069949339093,15.098173081255277,1.0,1.1360000000000001,17.151524620305995,95.6519946244921
P0037,Anderson Matt,Hawthorn,MID,31,7,24.81,13.73,11.07,3.44,0.61,0.82,0.19,1.25,82.48,634138,0.85,26,0.74,0,1,0,85.72,82.47993998095156,13.006623161039323,0.9,1.0,11.705960844935392,74.2319459828564
P0038,Anderson Jack,Melbourne,FWD,24,9,19.31,10.47,8.84,6.63,0.75,1.78,0.69,0.21,83.57,598371,1.0,10,0.9,1,4,0,93.27,83.56987437426424,13.966230712094042,0.54,1.0,7.5417645845307835,45.127732162102696
P0039,Miller Sam,GWS,FWD,31,190,15.96,9.45,6.5,3.02,2.81,2.04,0.0,0.52,74.46,542637,0.85,20,0.8,1,2,0,83.48,73.97567452490192,13.632626327526859,0.7200000000000001,1.0,9.815490955819339,53.26248565792939
P0040,Anderson Tom,Melbourne,RUC,24,22,17.42,10.31,7.11,3.33,3.12,0.44,0.14,32.5,102.96,676063,1.0,6,0.94,1,2,0,114.51,102.9586897448208,15.229156120778804,0.7200000000000001,1.0,10.96499240696074,74.13025661627098
P0041,Jones Jack,West Coast,DEF,23,2,15.57,10.9,4.68,11.15,4.12,0.3,0.56,0.2,94.53,612848,1.05,26,0.74,0,0,0,93.47,94.52955713551188,15.424633373285364,1.0,1.3288,20.49625282642159,125.61087552166818
P0042,Williams Dan,St Kilda,MID,34,55,34.75,19.1,15.65,4.29,5.48,0.57,0.25,0.43,127.49,800000,0.52,16,0.84,0,0,3,151.91,119.4686619579087,14.933582744738587,1.0,1.0,14.933582744738587,119.4686619579087
P0043,Taylor Ben,Carlton,DEF,27,0,15.48,9.45,6.03,4.95,4.98,0.06,0.43,0.34,76.29,496500,1.0,46,0.54,0,1,3,73.15,76.29091275062248,15.365742749370087,0.9,1.0,13.829168474433079,68.66182147556023
P0044,Wilson Alex,Western Bulldogs,FWD,26,24,13.0,7.66,5.34,3.95,4.57,1.44,0.03,0.02,72.48,503043,1.0,31,0.69,0,0,2,70.63,72.48033502118106,14.408377618052745,1.0,1.0,14.408377618052745,72.48033502118106
P0045,Johnson Tom,North Melbourne,MID,28,88,24.85,13.48,11.37,9.31,6.34,0.55,0.11,0.37,120.27,774657,1.0,11,0.89,0,0,3,101.88,120.27058207409787,15.525656138664967,1.0,1.0,15.525656138664967,120.27058207409787
P0046,Wilson Sam,Essendon,DEF,29,13,21.89,13.16,8.73,6.51,5.97,0.63,0.0,0.4,104.54,638842,0.95,2,0.98,0,0,0,114.49,101.71291188394864,15.921450356105051,1.0,1.0,15.921450356105051,101.71291188394864
P0047,Jones Jake,Melbourne,MID,21,25,18.24,9.66,8.58,3.1,10.26,1.0,0.24,0.56,103.29,690752,1.0,1,0.99,1,2,0,107.22,103.28933057064947,14.953171408935402,0.7200000000000001,1.51547,16.315979526071523,112.70295489592957
P0048,Williams Jack,Brisbane,MID,24,40,33.85,18.4,15.45,6.42,3.88,1.05,0.69,0.79,128.65,774792,1.0,19,0.81,0,0,3,109.96,128.6506450655066,16.60453967845649,1.0,1.0,16.60453967845649,128.6506450655066
P0049,Williams Alex,North Melbourne,RUC,29,79,15.36,8.92,6.44,5.93,4.59,0.36,0.04,35.06,113.09,726779,0.95,18,0.82,0,2,0,122.39,113.0913853494057,15.560629207696659,0.8,1.0,12.448503366157327,90.47310827952457
P0050,Williams Ben,Geelong,DEF,26,159,19.15,13.3,5.85,8.26,3.84,0.21,0.08,0.38,93.42,625540,1.0,20,0.8,1,2,0,100.75,93.4195641280768,14.934227088288008,0.7200000000000001,1.0,10.752643503567366,67.2620861722153
P0051,Taylor Jake,Geelong,FWD,26,70,10.28,5.47,4.81,6.74,3.42,0.92,0.71,0.42,66.59,450946,1.0,36,0.64,0,6,1,73.71,66.5901598264728,14.766770262176138,0.5,1.0,7.383385131088069,33.2950799132364
P0052,Johnson Ben,North Melbourne,FWD,18,6,10.97,5.74,5.22,4.4,1.79,1.2,0.0,0.09,55.31,345610,1.3,36,0.64,0,0,3,61.64,55.31062647898016,16.00376912675564,1.0,1.6420000000000001,26.278188906132762,90.82004867848543
P0053,Johnson Ben,Richmond,FWD,28,248,18.83,10.81,8.02,4.7,2.01,1.62,0.46,0.42,81.22,522277,1.0,34,0.66,1,5,0,91.82,81.22083347183326,15.551294326924841,0.45,1.0,6.998082447116179,36.54937506232497
P0054,Miller Sam,GWS,DEF,23,42,15.31,10.25,5.06,6.69,3.25,0.16,1.21,0.06,76.13,534913,1.05,25,0.75,0,0,3,68.99,76.1304184141571,14.232299161575266,1.0,1.331,18.94319018405668,101.3295869092431
P0055,Smith Tom,Brisbane,DEF,26,47,21.34,13.98,7.36,5.65,2.4,0.02,0.49,0.05,83.89,607203,1.0,12,0.88,1,2,0,90.04,83.80589808067438,13.801957184117072,0.7200000000000001,1.0,9.937409172564292,60.340246618085565
P0056,Anderson Luke,Port Adelaide,FWD,35,156,15.88,8.49,7.39,6.36,5.77,2.47,0.68,0.23,98.12,672000,0.5,30,0.7,0,2,2,111.35,98.16066459958597,14.607241755890769,0.8,1.0,11.685793404712616,78.52853167966879
P0057,Jones Dan,Fremantle,RUC,25,130,14.52,7.94,6.59,3.19,3.96,0.97,0.27,32.74,101.21,638822,1.0,3,0.97,1,2,0,103.63,101.02413341056045,15.814128726086523,0.7200000000000001,1.0,11.386172682782298,72.73737605560353
P0058,Johnson Jack,Carlton,DEF,23,0,17.32,11.14,6.18,5.3,6.21,0.41,0.33,0.06,89.39,601090,1.05,31,0.69,0,2,0,99.08,89.3894406992951,14.871224059507743,0.8,1.3178,15.677839252495446,94.23792396282488
P0059,Wilson Tom,Western Bulldogs,MID,26,1,22.37,11.23,11.14,4.74,0.93,1.09,0.0,0.82,81.29,525544,1.0,33,0.67,0,0,1,70.35,81.2907658133723,15.467927673681425,1.0,1.0,15.467927673681425,81.2907658133723
P0060,Miller Jack,Richmond,RUC,23,60,13.94,8.31,5.63,1.23,2.15,0.85,0.27,22.57,76.4,527592,1.05,41,0.59,0,1,2,75.53,76.3986518810342,14.480631222807435,0.9,1.178,15.352365222420442,80.99785072427245
P0061,Davis Dan,Gold Coast,DEF,27,71,21.79,14.44,7.35,6.39,5.42,0.28,0.3,0.49,101.35,712124,1.0,6,0.94,0,0,0,104.67,101.35033062589127,14.232118370661748,1.0,1.0,14.232118370661748,101.35033062589127
P0062,Smith Tom,Port Adelaide,RUC,24,39,11.47,6.19,5.28,5.82,4.11,0.78,0.4,36.77,104.9,680845,1.0,18,0.82,0,0,1,116.48,104.8990197468049,15.407180745515483,1.0,1.0,15.407180745515483,104.8990197468049
P0063,Wilson Ben,Adelaide,DEF,23,11,24.3,16.96,7.34,7.26,2.04,0.37,1.01,0.23,98.98,685365,1.05,28,0.72,0,0,3,116.69,98.9797269711126,14.441899859361449,1.0,1.3244,19.126852173738303,131.08875040054153
P0064,Brown Tom,Sydney,RUC,30,39,15.59,8.8,6.79,6.6,3.3,0.3,0.4,26.13,101.35,670795,0.9,13,0.87,0,0,0,113.09,101.34866740495232,15.108739242980691,1.0,1.0,15.108739242980691,101.34866740495232
P0065,Wilson Dan,Western Bulldogs,MID,19,7,30.99,17.02,13.97,4.65,3.48,0.64,0.64,0.08,111.41,705864,1.2,12,0.88,0,3,1,126.84,111.40953256658575,15.783427482714199,0.7,1.7204,19.007666048883053,134.1682718792879
P0066,Williams Alex,West Coast,MID,35,2,27.06,14.6,12.46,8.02,8.28,1.04,0.12,0.84,133.1,800000,0.5,8,0.92,0,1,0,147.8,133.1000386170994,16.637504827137423,0.9,1.0,14.973754344423682,119.79003475538946
P0067,Davis Luke,Richmond,FWD,24,9,22.69,13.32,9.37,6.54,0.0,2.92,0.39,0.0,96.24,593841,1.0,33,0.67,0,0,2,89.51,96.23999402703103,16.20635726179752,1.0,1.0,16.20635726179752,96.23999402703103
P0068,Taylor Jack,St Kilda,DEF,26,26,18.8,11.9,6.9,9.9,2.82,0.27,0.68,0.0,92.77,610097,1.0,20,0.8,0,0,1,96.69,92.76987392887622,15.205758089103245,1.0,1.0,15.205758089103245,92.76987392887622
P0069,Wilson Matt,North Melbourne,DEF,29,49,19.36,12.66,6.7,5.36,3.1,0.33,0.31,0.1,82.23,527259,0.95,30,0.7,1,2,0,85.01,82.2315735884439,15.596049301850494,0.7200000000000001,1.0,11.229155497332357,59.20673298367961
P0070,Williams Alex,Melbourne,MID,25,11,27.0,14.91,12.09,5.86,0.82,0.51,0.68,0.65,94.15,590582,1.0,29,0.71,0,0,3,84.93,94.07185157666295,15.92866893617871,1.0,1.0,15.92866893617871,94.07185157666295
P0071,Miller Matt,Hawthorn,RUC,25,58,15.5,7.93,7.57,4.93,3.21,0.65,0.0,37.92,108.39,728625,1.0,19,0.81,0,0,1,124.27,108.38967449839934,14.875920329167865,1.0,1.0,14.875920329167865,108.38967449839934
P0072,Taylor Sam,GWS,DEF,26,65,16.86,11.68,5.18,7.8,3.72,0.23,0.4,0.35,85.81,593296,1.0,28,0.72,0,1,1,90.28,85.98051888933901,14.492010546057786,0.9,1.0,13.042809491452008,77.38246700040511
P0073,Jones Matt,Adelaide,FWD,22,6,12.71,6.45,6.26,8.28,4.51,1.45,0.79,0.75,85.02,550345,1.1,21,0.79,0,0,0,79.62,86.14151980702268,15.652276264347396,1.0,1.4058000000000002,22.003969972419572,121.09774854471249
P0074,Wilson Matt,North Melbourne,RUC,18,3,13.4,7.7,5.7,4.27,5.73,0.42,0.54,40.09,113.38,741686,1.3,4,0.96,0,0,1,99.53,113.37962286931821,15.286741676304825,1.0,2.19857,33.6089716472735,249.27303745179697
P0075,Anderson Alex,Richmond,FWD,28,42,15.53,8.25,7.28,8.03,4.16,1.52,0.46,0.0,89.6,582813,1.0,13,0.87,0,0,2,97.09,88.99828121426515,15.270469466924236,1.0,1.0,15.270469466924236,88.99828121426515
P0076,Taylor Luke,Collingwood,FWD,21,33,17.4,9.35,8.05,3.0,3.1,4.04,0.67,0.38,90.82,629764,1.0,26,0.74,0,0,3,100.63,95.11574713787122,15.10339542080386,1.0,1.2628,19.072567737391115,120.11216548570377
P0077,Anderson Jake,Collingwood,MID,32,7,20.86,11.73,9.13,9.45,2.52,1.01,0.39,0.28,98.61,655291,0.8,28,0.72,1,2,0,104.21,98.65166602796457,15.054634662762735,0.7200000000000001,1.0,10.83933695718917,71.0291995401345
P0078,Davis Jack,Port Adelaide,MID,24,154,37.9,19.47,18.43,3.39,8.28,1.47,0.67,0.33,148.39,800000,1.0,4,0.96,0,0,0,171.78,138.6177967111959,17.327224588899487,1.0,1.0,17.327224588899487,138.6177967111959
P0079,Smith Sam,Fremantle,RUC,22,18,14.41,7.3,7.11,3.07,4.05,0.81,0.64,30.87,97.89,700869,1.1,29,0.71,0,0,2,117.24,96.71202232196627,13.798872873813263,1.0,1.3882,19.155595323427573,134.2556293873536
P0080,Davis Jack,Gold Coast,MID,21,65,25.81,14.54,11.26,3.65,6.05,0.18,0.0,0.0,102.35,649112,1.0,15,0.85,1,5,0,82.7,102.3500983169029,15.767710089615182,0.45,1.17,8.301699362182392,53.88732676384937
P0081,Jones Ben,Fremantle,DEF,28,110,17.25,11.4,5.85,3.52,4.05,0.16,0.04,0.0,73.7,456496,1.0,57,0.43,0,0,3,67.21,73.69949513978523,16.14460918382313,1.0,1.0,16.14460918382313,73.69949513978523
P0082,Brown Tom,Carlton,MID,26,37,32.01,17.26,14.75,0.0,5.06,1.68,0.61,0.7,112.88,787338,1.0,7,0.93,0,0,0,127.27,112.20885831105964,14.251675685799446,1.0,1.0,14.251675685799446,112.20885831105964
P0083,Wilson Tom,Brisbane,RUC,27,42,15.36,8.42,6.94,5.37,0.6,0.35,0.26,37.45,97.44,645201,1.0,33,0.67,0,0,0,81.07,97.44016744644613,15.102296407855246,1.0,1.0,15.102296407855246,97.44016744644613
P0084,Williams Jack,Fremantle,DEF,18,2,25.03,16.43,8.6,4.87,2.8,0.63,0.05,0.18,96.29,654203,1.3,17,0.83,0,0,0,107.18,96.29005611377129,14.71868152756427,1.0,1.8689000000000002,27.507743906864867,179.95648587102718
P0085,Jones Matt,Collingwood,FWD,18,4,21.65,11.97,9.68,2.91,2.69,1.9,0.35,0.5,86.98,536728,1.3,10,0.9,0,1,2,96.35,86.98020653316068,16.20563982746581,0.9,1.8920000000000003,27.594963498208788,148.10989568466604
P0086,Johnson Alex,Fremantle,MID,28,8,21.02,11.63,9.38,3.01,4.94,0.02,0.14,1.12,83.81,551677,1.0,21,0.79,0,1,1,79.65,83.81138640748367,15.192111762405116,0.9,1.0,13.672900586164605,75.4302477667353
P0087,Smith Ben,Hawthorn,DEF,22,29,24.16,15.55,8.61,7.36,3.02,0.73,0.72,0.08,103.23,678339,1.1,3,0.97,0,0,0,103.99,103.23080126023271,15.218172810384294,1.0,1.66221,25.295799027148878,171.59127016277142
P0088,Johnson Jack,Gold Coast,DEF,23,2,20.74,12.47,8.27,3.31,2.06,0.54,0.19,0.07,75.59,519610,1.05,30,0.7,0,0,2,83.58,75.58960162581401,14.547372380403383,1.0,1.32,19.202531542132466,99.7782741460745
P0089,Taylor Tom,Gold Coast,RUC,27,24,18.93,9.86,9.08,4.42,1.61,0.69,0.32,39.8,111.71,721428,1.0,12,0.88,0,1,1,133.16,111.71028037123737,15.484605583819503,0.9,1.0,13.936145025437552,100.53925233411364
P0090,Williams Ben,Hawthorn,RUC,27,12,14.37,7.72,6.65,1.39,0.08,0.67,0.35,31.18,76.53,499232,1.0,52,0.48,0,2,2,69.98,76.08997494907896,15.241405789107862,0.8,1.0,12.19312463128629,60.87197995926317
P0091,Wilson Tom,North Melbourne,DEF,24,49,21.13,13.65,7.48,6.98,5.47,0.43,0.55,0.43,102.32,625022,1.0,3,0.97,0,2,0,88.6,102.3188045292654,16.370432485458977,0.8,1.0,13.096345988367183,81.85504362341233
P0092,Smith Matt,St Kilda,RUC,29,79,15.06,8.35,6.72,4.36,6.9,0.67,0.73,15.91,99.83,660400,0.95,10,0.9,0,1,0,98.29,99.83057133245849,15.116682515514611,0.9,1.0,13.60501426396315,89.84751419921264
P0093,Miller Tom,Adelaide,RUC,21,42,13.14,7.43,5.7,5.65,1.71,0.63,0.2,39.5,100.99,700532,1.0,16,0.84,0,0,3,114.72,101.63266988852597,14.5079268168372,1.0,1.2848,18.639784374272434,130.57765427277815
P0094,Miller Luke,Melbourne,DEF,27,31,21.9,14.24,7.66,5.42,2.12,0.54,0.36,0.32,86.72,559609,1.0,15,0.85,0,0,0,70.39,86.71970729854634,15.496481882626323,1.0,1.0,15.496481882626323,86.71970729854634
P0095,Anderson Josh,Geelong,DEF,33,5,18.82,12.38,6.44,9.72,7.77,0.63,0.31,0.39,114.73,763242,0.6,7,0.93,0,0,0,94.47,114.73005647726869,15.031936984242046,1.0,1.0,15.031936984242046,114.73005647726869
P0096,Williams Jake,Collingwood,DEF,18,0,23.2,14.68,8.52,4.31,3.73,0.4,0.56,0.0,91.88,618599,1.3,22,0.78,0,1,3,77.86,91.88019204548173,14.852948686545197,0.9,1.8524000000000003,24.762241932260697,153.17898097054535
P0097,Anderson Luke,Sydney,MID,26,175,18.12,9.36,8.76,6.44,8.35,1.47,0.32,0.72,108.18,660053,1.0,14,0.86,0,0,1,127.11,108.17981421444549,16.38956480986307,1.0,1.0,16.38956480986307,108.17981421444549
P0098,Taylor Luke,Geelong,MID,23,76,20.0,10.95,9.06,3.09,3.09,0.37,0.36,0.0,75.19,522559,1.05,42,0.58,0,1,0,78.79,75.19046516081586,14.388894873270933,0.9,1.1760000000000002,15.229206333869957,79.58158832620751
P0099,Taylor Dan,Adelaide,MID,24,9,25.55,14.65,10.91,2.87,5.28,0.7,0.65,0.78,101.09,673194,1.0,14,0.86,0,0,3,86.73,101.08970929490378,15.01643052298502,1.0,1.0,15.01643052298502,101.08970929490378
P0100,Taylor Matt,North Melbourne,DEF,21,3,18.74,11.67,7.07,7.27,3.1,0.5,0.41,0.73,87.51,579627,1.0,24,0.76,0,0,0,86.05,87.50849364237739,15.097380495107611,1.0,1.2672000000000003,19.13140056340037,110.89076314362066
P0101,Wilson Luke,Sydney,MID,24,69,24.29,13.26,11.03,3.31,7.01,0.68,0.52,0.57,104.98,679217,1.0,11,0.89,0,0,1,120.61,104.6146966883685,15.402249456119105,1.0,1.0,15.402249456119105,104.6146966883685
P0102,Brown Matt,St Kilda,MID,26,95,23.74,13.94,9.8,4.42,1.87,1.15,0.45,0.48,90.0,685779,1.0,21,0.79,1,3,0,101.59,90.0001104539319,13.123777551358659,0.63,1.0,8.267979857355956,56.7000695859771
P0103,Brown Tom,Melbourne,RUC,25,13,10.69,6.19,4.5,6.81,4.62,0.37,0.52,40.25,109.43,732184,1.0,17,0.83,0,1,3,101.41,109.4292403798483,14.945592962950336,0.9,1.0,13.451033666655302,98.48631634186347
P0104,Jones Luke,Gold Coast,RUC,35,3,15.55,8.34,7.21,5.17,3.85,0.8,0.6,24.98,100.75,638200,0.5,14,0.86,0,4,1,85.53,100.75013289656661,15.786608100370827,0.6,1.0,9.471964860222496,60.450079737939966
P0105,Miller Matt,Fremantle,FWD,26,4,14.91,7.5,7.41,4.0,3.84,2.23,0.12,0.29,78.48,490577,1.0,56,0.44,0,0,3,93.8,78.48018828906113,15.997527052646399,1.0,1.0,15.997527052646399,78.48018828906113
P0106,Brown Jack,Brisbane,FWD,25,29,18.45,9.68,8.77,3.8,5.46,2.2,0.63,0.38,94.05,577878,1.0,35,0.65,0,0,2,105.57,94.05073767225691,16.27518917007689,1.0,1.0,16.27518917007689,94.05073767225691
P0107,Wilson Jack,Sydney,FWD,23,0,15.3,8.69,6.61,5.94,1.49,1.82,0.4,0.18,74.57,510402,1.05,50,0.5,0,0,3,71.84,74.57021791167826,14.610095162573472,1.0,1.2760000000000002,18.642481427443755,95.15159805530148
P0108,Miller Dan,GWS,RUC,27,15,18.33,10.83,7.5,5.01,5.85,0.46,0.83,22.2,111.71,716640,1.0,9,0.91,0,0,3,94.31,111.70901828722806,15.587884891609185,1.0,1.0,15.587884891609185,111.70901828722806
P0109,Miller Jack,Richmond,FWD,24,68,19.69,10.42,9.27,5.39,3.48,2.71,0.7,0.19,97.03,620573,1.0,12,0.88,1,3,0,98.61,97.0313383201441,15.63576538459522,0.63,1.0,9.850532192294988,61.12974314169078
P0110,Taylor Matt,Richmond,FWD,18,1,21.12,12.13,8.99,5.86,4.35,2.72,0.72,0.34,106.72,670848,1.3,17,0.83,1,2,0,127.87,106.72008418897823,15.90823617108171,0.7200000000000001,1.8689000000000002,21.406249857696924,143.60339904536264
P0111,Johnson Dan,Essendon,FWD,21,1,18.95,11.2,7.75,6.95,3.75,2.15,0.0,0.5,98.38,660590,1.0,36,0.64,0,0,3,102.39,98.38076805983789,14.892863661247958,1.0,1.2408000000000001,18.47906523087647,122.07085700864687
P0112,Smith Josh,Fremantle,DEF,31,18,22.97,14.96,8.01,5.51,2.31,0.73,0.54,0.16,91.78,617221,0.85,17,0.83,0,0,2,76.03,91.78021159435922,14.86991071178058,1.0,1.0,14.86991071178058,91.78021159435922
P0113,Williams Matt,Gold Coast,MID,24,20,17.04,9.32,7.71,3.87,9.56,0.28,0.79,0.0,95.74,695374,1.0,18,0.82,0,0,3,108.92,95.43417058167282,13.724149965582955,1.0,1.0,13.724149965582955,95.43417058167282
P0114,Smith Dan,West Coast,DEF,23,1,14.63,9.18,5.44,4.84,5.71,0.33,0.56,0.47,78.77,552385,1.05,38,0.62,1,3,0,64.43,78.76993464596187,14.259969884403427,0.63,1.3024000000000002,11.700476409791627,64.63167661622747
P0115,Smith Jack,North Melbourne,FWD,26,13,21.08,11.96,9.12,7.1,1.53,2.65,0.75,0.41,98.59,605406,1.0,26,0.74,0,1,0,102.39,98.5887448227217,16.28473203481989,0.9,1.0,14.656258831337901,88.72987034044952
P0116,Miller Sam,St Kilda,FWD,22,25,24.02,13.56,10.46,5.46,4.37,1.09,0.64,0.3,102.95,635441,1.1,16,0.84,0,0,3,123.18,102.4889055369065,16.128783874019224,1.0,1.4168,22.851260992710436,145.20628136468915
P0117,Brown Jake,Adelaide,RUC,24,84,12.69,7.37,5.32,3.74,0.77,0.81,0.28,27.32,79.55,522234,1.0,35,0.65,0,1,2,70.84,78.3882220048025,15.010172069379339,0.9,1.0,13.509154862441404,70.54939980432225
P0118,Smith Josh,Gold Coast,RUC,23,14,14.78,8.16,6.61,2.1,3.07,0.38,0.57,31.04,90.16,527455,1.05,27,0.73,0,0,1,100.68,90.16113261273546,17.093616064448238,1.0,1.3266,22.676391071097033,119.60775852405486
P0119,Brown Ben,Essendon,FWD,29,52,18.44,10.25,8.19,5.06,3.63,0.59,0.25,0.01,80.6,520268,0.95,21,0.79,0,0,3,76.42,80.59900315694705,15.491824051632436,1.0,1.0,15.491824051632436,80.59900315694705
P0120,Taylor Ben,Collingwood,MID,25,3,25.78,14.46,11.33,4.96,5.79,0.29,0.7,0.54,107.08,677731,1.0,10,0.9,0,1,2,93.25,107.08003888471656,15.79978470583706,0.9,1.0,14.219806235253355,96.3720349962449
P0121,Taylor Tom,Adelaide,FWD,20,8,18.96,10.67,8.29,0.0,2.57,2.88,0.13,0.69,76.97,526727,1.1,29,0.71,0,0,1,78.3,76.97051931086433,14.612981546581878,1.0,1.4993000000000003,21.909243232790214,115.40189960277891
P0122,Davis Ben,Port Adelaide,RUC,22,34,14.85,8.24,6.61,4.24,2.41,0.34,0.23,29.7,92.29,604614,1.1,25,0.75,0,0,1,91.97,92.29107735735862,15.264462509528165,1.0,1.3970000000000002,21.32445412581085,128.93063506823
P0123,Davis Sam,Melbourne,RUC,24,45,17.02,10.03,6.99,0.7,0.43,0.96,0.47,43.56,97.67,677732,1.0,18,0.82,0,0,0,103.15,97.670009164817,14.411302574589513,1.0,1.0,14.411302574589513,97.670009164817
P0124,Anderson Jack,Fremantle,RUC,28,145,17.37,8.74,8.63,4.12,4.62,0.93,0.34,40.47,120.68,800000,1.0,4,0.96,0,0,3,144.36,119.77853955349066,14.97231744418633,1.0,1.0,14.97231744418633,119.77853955349066
P0125,Jones Sam,Geelong,FWD,29,4,12.24,6.13,6.11,5.36,3.22,1.5,0.96,0.36,69.92,448625,0.95,41,0.59,0,1,0,64.5,69.92007363338261,15.585416245947643,0.9,1.0,14.02687462135288,62.928066270044354
P0126,Williams Matt,Fremantle,RUC,23,20,14.34,8.31,6.03,3.73,3.12,0.45,0.2,24.32,87.92,554592,1.05,37,0.63,0,1,3,84.58,87.91971169358347,15.853043623705979,0.9,1.3046,18.613692640338137,103.23005028790409
P0127,Wilson Matt,Adelaide,RUC,19,0,15.77,8.23,7.55,6.22,2.28,0.68,0.46,23.2,95.31,654532,1.2,23,0.77,0,0,2,96.31,95.30999795997518,14.56154900905917,1.0,1.6840999999999997,24.523104686156547,160.51156756439417
P0128,Johnson Josh,St Kilda,FWD,29,9,29.04,16.77,12.27,4.95,0.35,1.44,0.34,0.22,100.31,656409,0.95,1,0.99,0,0,0,100.75,100.30982133211015,15.281603593508033,1.0,1.0,15.281603593508033,100.30982133211015
P0129,Miller Dan,Western Bulldogs,DEF,18,14,18.28,11.12,7.16,6.37,1.89,0.34,0.0,0.41,76.84,475343,1.3,42,0.58,0,1,0,62.77,76.83957684428468,16.16508013040787,0.9,1.7864000000000002,25.98956923046456,123.53959806716715
P0130,Miller Sam,Hawthorn,RUC,23,62,13.17,6.83,6.35,3.01,2.41,0.62,0.44,31.26,87.27,521411,1.05,21,0.79,0,7,0,87.22,87.27007935641066,16.73729157160295,0.5,1.218,10.193010567106196,53.14747832805409
P0131,Jones Jake,Sydney,RUC,22,11,11.34,5.73,5.61,3.32,5.18,0.6,0.69,32.4,95.76,590381,1.1,28,0.72,0,2,0,102.57,95.98705507591477,16.25849325705176,0.8,1.3904,18.084647219683816,106.76832110204153
P0132,Taylor Alex,Gold Coast,FWD,30,24,21.24,11.99,9.25,8.1,1.86,2.15,0.24,0.27,99.62,605341,0.9,18,0.82,1,2,0,100.25,99.68192564205545,16.467069906392503,0.7200000000000001,1.0,11.856290332602603,71.77098646227994
P0133,Smith Dan,Port Adelaide,MID,18,0,19.33,9.91,9.43,4.56,0.0,1.11,0.48,0.0,69.41,466885,1.3,32,0.68,0,3,2,74.33,69.40978572200886,14.866570080856928,0.7,1.8194000000000004,18.933766323577768,88.39891489983606
P0134,Davis Josh,North Melbourne,FWD,27,6,20.37,10.72,9.64,5.2,5.32,1.01,0.55,0.01,94.97,621361,1.0,33,0.67,0,0,3,105.73,94.97149190343988,15.28443077429061,1.0,1.0,15.28443077429061,94.97149190343988
P0135,Williams Alex,Collingwood,RUC,26,124,16.7,9.36,7.34,2.94,2.94,0.75,1.14,44.18,113.17,741985,1.0,14,0.86,0,0,3,99.81,113.17036151754037,15.25237862187785,1.0,1.0,15.25237862187785,113.17036151754037
P0136,Wilson Luke,Hawthorn,DEF,20,59,16.24,10.6,5.64,8.25,5.04,0.27,0.59,0.28,90.46,645086,1.1,37,0.63,1,3,0,97.33,90.45961117920898,14.022876202430213,0.63,1.3390000000000002,11.829277678084056,76.30901420244533
P0137,Smith Jack,Melbourne,DEF,24,12,17.82,12.05,5.77,6.91,3.7,0.32,0.11,0.28,85.57,569172,1.0,36,0.64,0,0,3,84.93,85.40874840229972,15.005788830494073,1.0,1.0,15.005788830494073,85.40874840229972
P0138,Jones Jack,Melbourne,FWD,26,12,19.48,11.61,7.87,5.1,3.5,1.66,0.29,0.0,90.11,595385,1.0,37,0.63,0,3,0,100.66,90.10987123194457,15.134723117301338,0.7,1.0,10.594306182110936,63.07690986236119
P0139,Taylor Alex,Melbourne,RUC,26,63,15.06,7.77,7.29,6.71,2.71,0.72,0.21,19.65,93.02,622314,1.0,10,0.9,0,1,1,74.87,93.02111413545362,14.947617141098164,0.9,1.0,13.452855426988348,83.71900272190825
P0140,Anderson Jack,Melbourne,RUC,25,66,11.03,5.8,5.24,3.16,0.81,1.55,1.18,18.29,69.37,456991,1.0,37,0.63,1,2,0,57.1,69.54996123870882,15.219109618944097,0.7200000000000001,1.0,10.957758925639752,50.075972091870355
P0141,Brown Alex,Port Adelaide,MID,26,19,17.1,9.67,7.43,3.58,3.8,0.19,0.56,0.51,72.05,476596,1.0,43,0.57,0,3,2,70.22,72.04884618673742,15.11738373522594,0.7,1.0,10.582168614658158,50.43419233071619
P0142,Wilson Alex,Port Adelaide,RUC,28,160,14.13,8.33,5.8,6.12,2.39,0.39,0.62,2.23,69.7,428438,1.0,22,0.78,0,0,3,61.53,69.70033498189335,16.26847641476558,1.0,1.0,16.26847641476558,69.70033498189335
P0143,Miller Josh,Carlton,RUC,18,8,15.6,9.1,6.49,5.85,1.39,0.7,0.0,39.54,107.19,702758,1.3,1,0.99,0,0,0,118.58,107.18998928191138,15.252759738332594,1.0,2.209955,33.707912647526804,236.88505276350645
P0144,Brown Jake,Essendon,MID,21,4,28.23,14.14,14.09,6.99,4.67,1.24,0.17,0.23,118.13,800000,1.0,5,0.95,0,0,3,133.15,118.1289308563486,14.766116357043575,1.0,1.50535,22.228173258075547,177.82538606460437
P0145,Miller Matt,Sydney,MID,30,70,16.4,8.33,8.07,8.6,5.77,0.99,0.67,0.33,96.96,634905,0.9,18,0.82,1,2,0,100.9,96.96106321366373,15.271743522836289,0.7200000000000001,1.0,10.995655336442129,69.81196551383789
P0146,Taylor Sam,Fremantle,DEF,27,9,23.84,16.62,7.22,3.59,3.64,0.25,0.44,0.24,91.77,598610,1.0,29,0.71,1,2,0,81.25,91.76923331723636,15.33038761751998,0.7200000000000001,1.0,11.037879084614387,66.07384798841018
P0147,Wilson Dan,West Coast,DEF,26,132,26.7,17.34,9.35,3.82,3.23,0.44,0.41,0.37,98.51,638905,1.0,23,0.77,0,0,2,117.04,98.51026655515781,15.418609426308732,1.0,1.0,15.418609426308732,98.51026655515781
P0148,Williams Tom,Fremantle,RUC,27,2,15.15,8.34,6.81,5.05,3.63,0.65,0.0,25.79,97.99,670830,1.0,19,0.81,1,4,0,84.55,97.98905360164152,14.607136472972513,0.54,1.0,7.887853695405158,52.91408894488642
P0149,Davis Jack,Essendon,FWD,24,95,16.12,9.43,6.69,5.05,3.15,1.47,0.13,0.2,78.59,508511,1.0,44,0.56,0,2,1,90.47,78.58862728348603,15.454656297206164,0.8,1.0,12.363725037764931,62.87090182678883
P0150,Anderson Jake,Western Bulldogs,MID,32,30,21.71,10.98,10.73,6.08,4.69,1.35,0.14,0.84,100.54,668876,0.8,6,0.94,0,1,0,91.61,100.54044777741449,15.031253592207596,0.9,1.0,13.528128232986838,90.48640299967303
P0151,Davis Alex,Gold Coast,DEF,25,7,16.97,11.83,5.14,5.54,2.15,0.48,0.0,0.41,74.26,467659,1.0,30,0.7,0,0,0,73.75,74.25872125790026,15.878817954513922,1.0,1.0,15.878817954513922,74.25872125790026
P0152,Johnson Jake,Melbourne,MID,20,38,26.72,13.54,13.18,8.53,3.74,0.45,1.11,0.47,111.83,744081,1.1,13,0.87,0,0,2,109.62,111.82964115897143,15.029229500413454,1.0,1.5521000000000003,23.326867107591724,173.5707860428396
P0153,Johnson Josh,Collingwood,RUC,33,19,12.07,7.17,4.9,1.83,5.15,0.54,0.69,25.99,87.32,569023,0.6,28,0.72,0,2,0,95.2,87.05732457874534,15.299438612981431,0.8,1.0,12.239550890385146,69.64585966299627
P0154,Williams Luke,Hawthorn,DEF,24,3,19.3,13.03,6.28,5.74,5.65,0.21,1.02,0.0,93.75,653953,1.0,15,0.85,0,0,2,78.43,93.74981524027412,14.335864387849604,1.0,1.0,14.335864387849604,93.74981524027412
P0155,Smith Ben,Adelaide,RUC,22,7,12.39,6.27,6.12,6.56,2.55,0.98,0.62,37.98,105.42,696110,1.1,12,0.88,0,2,2,92.78,105.41909725807369,15.144028567047403,0.8,1.4256000000000002,17.271461700146226,120.2283720408879
P0156,Jones Tom,Richmond,FWD,28,30,14.99,7.8,7.19,3.81,4.61,1.66,0.6,0.57,78.8,549640,1.0,51,0.49,0,0,2,67.59,78.79972263338081,14.336606257437742,1.0,1.0,14.336606257437742,78.79972263338081
P0157,Jones Ben,Melbourne,RUC,19,8,16.28,8.8,7.48,3.29,2.95,0.3,0.72,22.79,88.34,575254,1.2,38,0.62,1,2,0,98.46,90.22249469044334,15.683940431608184,0.7200000000000001,1.6345999999999998,18.45861770124485,106.18393667111906
P0158,Anderson Jack,Port Adelaide,RUC,24,57,18.8,9.42,9.39,3.84,4.17,0.01,0.42,32.83,108.56,706020,1.0,15,0.85,0,1,0,121.99,108.56052687019051,15.376409573410175,0.9,1.0,13.838768616069158,97.70447418317147
P0159,Williams Luke,Geelong,MID,22,58,19.54,9.92,9.62,4.05,7.07,1.38,0.4,0.53,98.63,665847,1.1,23,0.77,0,0,0,90.58,98.62968111212004,14.812664337621111,1.0,1.274,18.871334366129297,125.65421373684093
P0160,Davis Dan,Sydney,RUC,25,7,20.23,10.29,9.95,3.58,3.64,0.27,0.53,27.7,105.86,639368,1.0,5,0.95,0,0,0,101.25,105.86108615730312,16.557144892660116,1.0,1.0,16.557144892660116,105.86108615730312
P0161,Davis Alex,GWS,RUC,18,3,9.36,5.33,4.03,2.7,3.8,0.0,0.6,30.03,77.98,545597,1.3,33,0.67,0,0,2,66.04,77.98018525853458,14.292634537677916,1.0,1.8161000000000005,25.95685358387687,141.61981444802467
P0162,Miller Josh,Geelong,DEF,26,51,18.3,12.39,5.91,8.06,4.64,0.12,0.42,0.54,93.4,621309,1.0,32,0.68,0,2,2,100.77,93.39978271252923,15.032742598695533,0.8,1.0,12.026194078956427,74.71982617002338
P0163,Miller Dan,GWS,FWD,18,7,17.25,9.4,7.85,5.67,2.55,1.93,0.44,0.5,83.64,530913,1.3,36,0.64,0,2,0,69.16,83.64036594688191,15.754062520013996,0.8,1.8062000000000002,22.76399017891943,120.85698317860653
P0164,Anderson Tom,St Kilda,FWD,25,3,15.76,8.47,7.29,4.41,5.02,1.14,0.12,0.16,80.41,488362,1.0,31,0.69,1,2,0,79.26,80.41008966384264,16.465263403754314,0.7200000000000001,1.0,11.854989650703107,57.895264557966705
P0165,Williams Jake,West Coast,MID,30,6,18.06,9.21,8.84,5.21,3.84,1.37,0.0,0.0,84.56,566512,0.9,31,0.69,0,1,0,74.66,84.47594354558115,14.911589435983904,0.9,1.0,13.420430492385513,76.02834919102304
P0166,Jones Alex,Fremantle,RUC,26,63,15.65,8.76,6.89,5.18,3.47,1.06,0.47,38.88,115.17,704505,1.0,5,0.95,0,0,0,106.59,115.16983420173992,16.347624814833097,1.0,1.0,16.347624814833097,115.16983420173992
P0167,Wilson Ben,Melbourne,FWD,21,34,24.08,13.63,10.45,3.68,4.28,1.13,0.55,0.48,97.75,653092,1.0,16,0.84,0,0,0,105.36,97.74899278296022,14.967109194869975,1.0,1.2848,19.229741893568942,125.58790592754728
P0168,Davis Dan,Hawthorn,MID,29,90,27.69,15.95,11.74,3.1,7.87,0.62,0.4,0.48,116.68,764818,0.95,18,0.82,0,0,2,108.42,116.67894953404011,15.255779745513326,1.0,1.0,15.255779745513326,116.67894953404011
P0169,Taylor Sam,Geelong,RUC,23,25,16.93,8.58,8.35,5.74,1.78,0.61,0.47,32.53,103.47,655690,1.05,15,0.85,1,2,0,97.69,103.47016640857507,15.780348397653626,0.7200000000000001,1.353,15.372584195058257,100.7964973085775
P0170,Jones Ben,Fremantle,MID,20,2,30.57,16.85,13.72,1.5,1.94,0.53,0.9,0.45,94.81,642815,1.1,36,0.64,0,0,2,97.44,94.80950840202024,14.749112637698286,1.0,1.4762000000000002,21.772640075770212,139.9577963030623
P0171,Miller Jake,Essendon,FWD,22,14,26.88,14.77,12.11,4.76,4.69,2.01,0.78,0.44,114.81,728189,1.1,2,0.98,1,4,0,120.85,114.80950796317119,15.766443596809507,0.54,1.6647399999999999,14.173395829210437,103.20910935476918
P0172,Smith Josh,Hawthorn,MID,31,116,26.77,14.5,12.28,2.36,9.47,0.73,1.07,0.12,118.57,747536,0.85,12,0.88,0,1,3,136.67,118.5705320805192,15.861514640167055,0.9,1.0,14.27536317615035,106.71347887246728
P0173,Taylor Ben,Collingwood,MID,25,3,23.5,13.15,10.35,4.24,5.36,0.87,0.08,0.47,100.03,669264,1.0,13,0.87,0,0,2,119.08,100.02954559824208,14.946201438930238,1.0,1.0,14.946201438930238,100.02954559824208
P0174,Miller Dan,GWS,FWD,26,163,21.28,11.63,9.65,3.97,2.71,1.84,0.45,0.15,88.53,534692,1.0,39,0.61,0,0,0,76.04,88.53116052978243,16.557412590759245,1.0,1.0,16.557412590759245,88.53116052978243
P0175,Williams Matt,Gold Coast,FWD,27,12,13.13,6.59,6.54,4.1,4.64,0.92,0.56,0.1,69.86,477741,1.0,23,0.77,1,6,0,63.47,69.87040485873392,14.62516402375637,0.45,1.0,6.581323810690367,31.441682186430263
P0176,Davis Jack,Fremantle,FWD,22,9,22.03,11.02,11.01,5.23,2.85,2.25,0.96,0.29,96.94,609154,1.1,26,0.74,0,0,0,91.01,96.93863609028719,15.91365009345538,1.0,1.3948,22.196359150351565,135.21000961873258
P0177,Williams Ben,Hawthorn,RUC,26,82,9.22,5.52,3.7,3.58,4.27,0.49,0.48,18.76,73.93,544674,1.0,36,0.64,0,1,1,84.56,73.92984954899742,13.573229041407783,0.9,1.0,12.215906137267005,66.53686459409768
P0178,Jones Josh,Gold Coast,FWD,26,38,12.98,7.13,5.85,2.53,3.99,0.32,0.23,0.47,59.29,417803,1.0,42,0.58,0,0,1,52.62,59.290104022577694,14.19092347890697,1.0,1.0,14.19092347890697,59.290104022577694
P0179,Williams Josh,Fremantle,FWD,25,6,19.78,10.63,9.15,3.94,4.79,2.09,0.62,0.13,94.48,630916,1.0,36,0.64,0,1,0,83.83,94.47808027526597,14.974747870598616,0.9,1.0,13.477273083538755,85.03027224773938
P0180,Williams Matt,Port Adelaide,FWD,30,3,24.65,13.25,11.39,3.47,1.69,0.89,0.2,0.35,85.6,540070,0.9,33,0.67,0,2,2,100.13,85.3791514870146,15.808904676618695,0.8,1.0,12.647123741294957,68.30332118961168
P0181,Wilson Alex,Sydney,DEF,30,46,22.43,15.04,7.39,5.65,5.21,0.26,0.84,0.57,100.66,676487,0.9,13,0.87,1,3,0,89.66,100.5507582821231,14.863664531930857,0.63,1.0,9.36410865511644,63.34697771773755
P0182,Johnson Tom,Adelaide,FWD,21,8,20.77,11.35,9.42,5.26,3.13,2.7,1.07,0.61,99.12,670647,1.0,37,0.63,0,0,3,112.41,99.12010770213105,14.779773517533226,1.0,1.2386,18.306227478816652,122.77016539985951
P0183,Taylor Sam,Essendon,MID,23,2,32.82,17.34,15.48,1.65,3.69,0.31,0.54,0.2,105.27,669570,1.05,12,0.88,0,1,0,96.66,105.27108622255884,15.72219278381033,0.9,1.3596000000000001,19.238303977981676,128.81391194537193
P0184,Davis Jack,Collingwood,FWD,27,20,17.02,9.28,7.73,5.94,5.92,1.35,0.3,0.0,93.23,635815,1.0,12,0.88,1,2,0,106.26,93.22964120780652,14.663013802412104,0.7200000000000001,1.0,10.557369937736716,67.12534166962071
P0185,Brown Dan,North Melbourne,RUC,23,79,11.54,5.84,5.7,2.36,3.45,0.48,0.01,33.88,86.56,569639,1.05,27,0.73,0,1,3,95.35,86.65261492213895,15.211847314200563,0.9,1.206,16.51093907483329,94.05274823648962
P0186,Johnson Alex,Carlton,DEF,21,10,26.99,18.58,8.41,8.27,1.79,0.14,0.34,0.08,105.75,652824,1.0,11,0.89,0,1,0,115.69,105.7499400438701,16.198843799227678,0.9,1.2958,18.891415615535305,123.32769507796219
P0187,Miller Luke,Richmond,MID,19,1,34.94,17.88,17.06,6.82,5.21,1.31,0.66,0.25,137.8,800000,1.2,8,0.92,0,0,2,159.76,137.7997331642114,17.224966645526425,1.0,1.7336,29.86120217668461,238.88961741347688
P0188,Johnson Alex,Gold Coast,DEF,26,4,22.03,14.49,7.54,3.94,3.81,0.33,0.63,0.06,88.26,641989,1.0,18,0.82,1,2,0,90.66,88.26070421214128,13.748008799549725,0.7200000000000001,1.0,9.898566335675802,63.54770703274173
P0189,Smith Jack,GWS,MID,22,3,22.9,11.51,11.39,1.99,5.25,0.81,0.62,0.56,90.35,568151,1.1,33,0.67,0,1,0,104.66,90.34963139077959,15.902397670826874,0.9,1.3794000000000002,19.742190612424732,112.16545338639726
P0190,Miller Tom,Port Adelaide,MID,24,23,20.74,12.12,8.63,3.89,2.4,0.99,0.26,0.64,81.72,473239,1.0,30,0.7,0,2,0,95.9,81.719637326624,17.268153581303316,0.8,1.0,13.814522865042655,65.3757098612992
P0191,Wilson Sam,St Kilda,MID,18,0,21.71,12.28,9.43,5.12,5.89,0.66,0.21,0.55,99.37,639997,1.3,20,0.8,0,2,2,82.55,99.37025299020286,15.526674811007375,0.8,1.8590000000000004,23.091270778930173,147.78344024702972
P0192,Wilson Alex,Sydney,FWD,24,20,16.83,9.93,6.9,4.87,3.79,2.17,0.0,0.63,87.01,581069,1.0,37,0.63,0,0,2,70.62,87.00994321841219,14.974115504081647,1.0,1.0,14.974115504081647,87.00994321841219
P0193,Williams Tom,Port Adelaide,FWD,22,9,19.12,11.42,7.71,3.25,1.33,0.2,0.16,0.17,66.21,417727,1.1,51,0.49,1,2,0,54.11,66.21053388027961,15.850192561237272,0.7200000000000001,1.3398000000000003,15.289983355352906,63.87038877081503
P0194,Smith Jake,Port Adelaide,RUC,26,31,13.88,7.54,6.34,4.46,0.58,0.65,0.6,27.76,83.27,542087,1.0,19,0.81,0,1,2,89.82,83.2694800715594,15.360907026281648,0.9,1.0,13.824816323653483,74.94253206440347
P0195,Wilson Ben,Essendon,RUC,26,26,15.91,8.16,7.74,6.23,0.8,0.95,0.0,28.07,95.6,582609,1.0,22,0.78,0,0,0,110.41,95.59953130481527,16.408866204403857,1.0,1.0,16.408866204403857,95.59953130481527
P0196,Jones Jake,Brisbane,MID,23,42,18.95,11.18,7.77,4.61,3.49,1.22,0.35,1.0,85.54,544874,1.05,14,0.86,1,3,0,101.78,85.54065409649385,15.699162392864011,0.63,1.3552000000000002,13.403568071129866,73.03255749188814
P0197,Davis Jack,Western Bulldogs,MID,18,0,31.59,17.64,13.95,4.82,4.92,0.11,0.51,0.95,117.09,765838,1.3,8,0.92,0,1,1,136.02,117.09000212802738,15.289134533416648,0.9,1.8986000000000003,26.12515574263037,200.07637023624554
P0198,Anderson Matt,West Coast,RUC,27,133,13.35,6.8,6.55,1.02,2.08,0.7,0.5,23.8,73.43,470871,1.0,26,0.74,0,0,1,74.31,73.4301162187922,15.594529333679967,1.0,1.0,15.594529333679967,73.4301162187922
P0199,Wilson Luke,Essendon,FWD,22,4,19.82,10.44,9.38,2.69,0.37,1.69,0.47,0.33,70.58,461028,1.1,55,0.45,0,0,2,63.8,70.57998810254463,15.309262800208367,1.0,1.3310000000000004,20.376628787077344,93.94196416448693
P0200,Taylor Sam,Geelong,DEF,26,93,16.8,11.41,5.39,6.29,1.74,0.39,0.57,0.62,74.38,407688,1.0,50,0.5,1,2,0,69.97,74.37950322883475,18.244221863001794,0.7200000000000001,1.0,13.135839741361293,53.55324232476103
P0201,Smith Jack,Brisbane,RUC,18,4,8.81,4.99,3.82,7.34,3.02,0.48,0.3,26.94,86.82,559161,1.3,17,0.83,1,2,0,87.64,86.8203626854915,15.526898815455926,0.7200000000000001,1.8689000000000002,20.893119261268023,116.82617459249887
P0202,Davis Jake,Adelaide,RUC,29,94,16.91,9.47,7.44,2.92,3.03,0.34,0.2,27.83,94.26,605254,0.95,19,0.81,1,2,0,110.97,94.26011968294661,15.573646714097983,0.7200000000000001,1.0,11.213025634150549,67.86728617172156
P0203,Johnson Tom,Hawthorn,MID,28,13,18.7,9.58,9.12,3.69,5.68,0.16,0.86,1.01,83.61,566033,1.0,31,0.69,0,0,3,89.4,83.43277064423015,14.73991280441779,1.0,1.0,14.73991280441779,83.43277064423015
P0204,Wilson Dan,Richmond,RUC,30,58,13.74,7.1,6.64,3.91,2.7,0.86,0.58,31.34,94.25,605668,0.9,31,0.69,0,0,3,112.77,94.270011311338,15.564634636688416,1.0,1.0,15.564634636688416,94.270011311338
P0205,Williams Jack,Adelaide,DEF,26,39,24.41,15.26,9.14,5.53,4.29,0.26,0.45,0.31,100.11,619125,1.0,16,0.84,1,3,0,116.24,100.10994218843011,16.16958484771736,0.63,1.0,10.186838454061936,63.069263578710974
P0206,Smith Luke,St Kilda,DEF,18,11,19.95,13.26,6.69,3.98,1.87,0.42,0.9,0.0,76.01,512829,1.3,35,0.65,0,1,3,67.67,76.01017173009474,14.821738187601468,0.9,1.8095000000000003,24.137941725418376,123.7863651710458
P0207,Wilson Luke,Melbourne,FWD,21,1,17.26,10.17,7.09,1.07,2.41,0.41,0.84,0.25,61.11,415609,1.0,46,0.54,0,1,1,66.94,61.11006697952068,14.703740048824901,0.9,1.2188,16.12882653435701,67.03285467117584
P0208,Wilson Dan,Geelong,DEF,24,45,24.33,16.11,8.23,5.08,0.52,0.51,0.41,0.27,85.85,557875,1.0,26,0.74,0,0,1,88.78,85.85060900871568,15.388861126366244,1.0,1.0,15.388861126366244,85.85060900871568
P0209,Johnson Dan,Sydney,RUC,25,31,12.29,6.43,5.86,5.66,3.71,0.5,0.17,25.29,91.28,622716,1.0,27,0.73,0,0,3,102.59,91.279851966256,14.65834376605965,1.0,1.0,14.65834376605965,91.279851966256
P0210,Williams Tom,Melbourne,RUC,29,24,17.25,10.25,7.0,6.59,3.33,0.35,0.53,36.97,117.41,764955,0.95,11,0.89,0,1,1,111.31,115.96255798340356,15.159396040734887,0.9,1.0,13.643456436661399,104.3663021850632
P0211,Wilson Alex,Melbourne,FWD,24,2,19.35,10.33,9.02,2.5,3.03,0.35,0.22,0.16,71.14,469654,1.0,37,0.63,0,0,1,75.68,71.15441546194755,15.150390598599726,1.0,1.0,15.150390598599726,71.15441546194755
P0212,Brown Dan,Hawthorn,MID,22,5,27.05,14.01,13.04,5.36,1.58,0.46,0.44,0.35,94.11,616981,1.1,20,0.8,0,1,0,76.87,94.11086443344047,15.253446124506343,0.9,1.4080000000000004,19.32916692897444,119.25728741005581
P0213,Wilson Josh,Collingwood,DEF,21,16,20.31,14.03,6.28,2.85,2.39,0.29,1.09,0.18,75.76,462982,1.0,43,0.57,1,4,0,83.49,75.75934070617505,16.363344731798442,0.54,1.2254,10.827887022546738,50.13116789472734
P0214,Williams Jake,Brisbane,RUC,29,91,16.3,8.6,7.7,4.84,1.78,0.47,1.29,26.06,93.01,623983,0.95,38,0.62,0,1,1,104.53,93.00966567353338,14.905801227522767,0.9,1.0,13.41522110477049,83.70869910618003
P0215,Jones Luke,North Melbourne,MID,22,3,29.22,15.9,13.33,2.47,8.06,0.85,0.43,0.32,119.85,793346,1.1,16,0.84,0,0,0,135.22,119.85044512812487,15.106957762202732,1.0,1.4168,21.40353775748883,169.80411065752733
P0216,Williams Matt,Brisbane,DEF,26,78,25.54,16.94,8.6,6.93,6.69,0.4,1.18,0.18,119.37,792889,1.0,2,0.98,0,0,2,104.32,119.37011529380693,15.05508530119688,1.0,1.0,15.05508530119688,119.37011529380693
P0217,Brown Matt,Hawthorn,MID,18,4,28.71,14.39,14.32,5.86,3.73,1.02,0.81,0.07,111.32,707891,1.3,10,0.9,0,2,1,97.7,111.31970410215787,15.725543071201338,0.8,1.8920000000000003,23.802181992570354,168.49350412902618
P0218,Miller Luke,Port Adelaide,RUC,29,300,23.25,12.1,11.16,3.23,2.52,0.0,0.77,40.81,119.93,717600,0.95,16,0.84,0,0,3,143.15,119.9297203656716,16.712614320745764,1.0,1.0,16.712614320745764,119.9297203656716
P0219,Miller Tom,Melbourne,DEF,29,2,23.69,16.41,7.28,5.47,3.0,0.11,0.45,0.3,93.6,599021,0.95,10,0.9,0,0,2,96.58,93.6005675849563,15.625590352417744,1.0,1.0,15.625590352417744,93.6005675849563
P0220,Miller Ben,Carlton,FWD,25,132,19.96,10.21,9.75,2.43,2.94,2.11,0.62,0.19,82.68,505677,1.0,23,0.77,1,2,0,91.99,82.68030734073338,16.350418812944504,0.7200000000000001,1.0,11.772301545320044,59.52982128532804
P0221,Taylor Alex,Carlton,RUC,29,195,11.65,6.68,4.97,7.46,2.73,0.7,0.32,41.56,109.38,731056,0.95,4,0.96,0,0,2,90.48,109.3800380532055,14.96192330727133,1.0,1.0,14.96192330727133,109.3800380532055
P0222,Williams Ben,Brisbane,RUC,22,28,21.23,11.93,9.3,3.0,3.16,0.88,0.65,35.06,117.04,800000,1.1,6,0.94,0,0,1,110.22,115.16644661223911,14.39580582652989,1.0,1.4388,20.712685423211205,165.70148338568964
P0223,Taylor Alex,Port Adelaide,FWD,30,11,25.43,13.92,11.52,9.19,5.39,2.54,0.49,0.14,129.8,800000,0.9,11,0.89,0,0,1,139.92,129.79979055368858,16.224973819211073,1.0,1.0,16.224973819211073,129.79979055368858
P0224,Taylor Sam,Sydney,FWD,24,13,13.75,8.13,5.62,5.33,2.45,1.56,0.75,0.11,71.58,474283,1.0,25,0.75,0,0,1,60.26,71.57930196414235,15.092107868960587,1.0,1.0,15.092107868960587,71.57930196414235
P0225,Anderson Sam,Western Bulldogs,DEF,21,2,25.51,15.95,9.56,3.31,5.7,0.09,0.0,0.2,100.45,677264,1.0,5,0.95,0,1,2,92.25,101.05440205565685,14.920976466438029,0.9,1.50535,20.215162731377237,136.91001972103473
P0226,Davis Jake,Brisbane,DEF,27,24,17.73,11.41,6.32,9.2,7.36,0.41,0.72,0.04,107.16,721428,1.0,8,0.92,0,0,1,111.66,107.15975706334817,14.853839477168638,1.0,1.0,14.853839477168638,107.15975706334817
P0227,Taylor Sam,GWS,DEF,20,6,16.37,10.73,5.63,7.98,6.52,0.34,0.25,0.23,95.97,646064,1.1,11,0.89,1,3,0,89.05,95.97077828517246,14.854685957609842,0.63,1.5587000000000004,14.587019371339673,94.24148083125195
P0228,Williams Jack,Hawthorn,DEF,25,44,24.6,15.35,9.25,7.58,5.57,0.14,0.67,0.0,111.09,722175,1.0,19,0.81,0,1,3,119.61,111.08860234744854,15.38250456571448,0.9,1.0,13.844254109143034,99.97974211270369
P0229,Miller Luke,Brisbane,DEF,24,34,21.94,14.76,7.18,4.01,3.25,0.17,0.13,0.0,84.83,608897,1.0,34,0.66,1,2,0,99.13,84.82972278665379,13.931703192272877,0.7200000000000001,1.0,10.030826298436473,61.07740040639074
P0230,Williams Josh,North Melbourne,RUC,18,0,11.53,6.33,5.2,3.56,2.32,0.8,0.39,25.3,79.82,550429,1.3,47,0.53,0,1,3,68.54,79.81953855937257,14.501332335209913,0.9,1.7699000000000005,23.09931729007923,127.1453411666102
P0231,Johnson Luke,West Coast,DEF,20,4,22.87,14.42,8.45,5.97,3.74,0.35,0.38,0.09,95.61,644430,1.1,12,0.88,0,1,3,99.35,96.61979820471396,14.993063359048145,0.9,1.5554000000000003,20.98818967379714,135.25419071485092
P0232,Brown Luke,Carlton,RUC,24,66,20.42,10.99,9.43,4.51,2.5,0.1,0.53,31.69,108.15,753106,1.0,14,0.86,0,0,3,122.41,108.14985637265163,14.360509194276984,1.0,1.0,14.360509194276984,108.14985637265163
P0233,Wilson Jack,Sydney,MID,21,42,32.03,18.34,13.69,4.56,3.14,0.83,0.08,0.56,114.27,759434,1.0,8,0.92,0,2,1,126.87,114.27023156932202,15.046762663947366,0.8,1.3024,15.67752295482004,119.06043967670801
P0234,Jones Alex,Adelaide,DEF,19,1,20.43,13.2,7.23,4.66,3.74,0.18,0.82,0.0,84.9,555150,1.2,36,0.64,0,0,1,95.69,84.90035955730687,15.293228777322682,1.0,1.6411999999999998,25.09924706934198,139.33847010545202
P0235,Johnson Josh,West Coast,FWD,23,1,15.27,9.06,6.21,7.44,4.19,2.69,0.83,0.21,95.85,566748,1.05,25,0.75,0,1,0,97.91,95.85002358229552,16.91228263395645,0.9,1.331,20.259223367216432,114.8187432492318
P0236,Jones Alex,Fremantle,MID,27,64,26.84,14.04,12.8,2.93,7.21,0.77,0.76,0.48,111.21,747304,1.0,5,0.95,0,1,3,93.77,111.20916146684854,14.881381802699911,0.9,1.0,13.393243622429921,100.0882453201637
P0237,Taylor Alex,West Coast,FWD,30,27,16.21,8.82,7.38,5.21,6.06,2.22,0.6,0.3,95.33,621672,0.9,35,0.65,0,0,2,114.1,95.32922612846842,15.334328412485753,1.0,1.0,15.334328412485753,95.32922612846842
P0238,Jones Ben,GWS,MID,27,20,22.24,12.96,9.28,3.44,3.48,0.09,0.0,0.64,82.85,510245,1.0,13,0.87,0,2,1,77.22,82.84978788785287,16.237256198072075,0.8,1.0,12.989804958457661,66.27983031028229
P0239,Smith Jake,West Coast,MID,29,111,19.0,11.24,7.76,3.03,6.98,0.76,0.31,0.11,91.27,610239,0.95,35,0.65,0,0,0,77.24,91.27015409934641,14.956460353950895,1.0,1.0,14.956460353950895,91.27015409934641
P0240,Taylor Alex,Geelong,RUC,22,8,12.33,6.63,5.7,5.4,0.0,0.65,0.35,23.06,74.76,471625,1.1,26,0.74,0,1,2,79.11,74.76029213078178,15.85163893576078,0.9,1.3948,19.898879388839223,93.84808991761298
P0241,Jones Jack,Western Bulldogs,MID,22,75,22.23,11.58,10.65,6.8,7.12,0.81,0.51,1.06,111.39,757118,1.1,12,0.88,0,0,1,123.33,111.3891506545582,14.712257620946563,1.0,1.296,19.067085876746745,144.3603392483074
P0242,Davis Jake,GWS,DEF,29,4,21.92,13.89,8.04,8.07,1.15,0.11,0.87,0.12,88.2,590567,0.95,18,0.82,0,0,0,78.93,88.19947498362168,14.934711046100052,1.0,1.0,14.934711046100052,88.19947498362168
P0243,Taylor Josh,St Kilda,FWD,28,11,21.91,11.99,9.92,0.4,2.22,0.0,0.39,0.4,66.69,410755,1.0,49,0.51,1,2,0,76.13,66.6895670875037,16.235850345705764,0.7200000000000001,1.0,11.68981224890815,48.016488303002674
P0244,Davis Alex,Port Adelaide,DEF,19,7,20.89,13.02,7.87,5.36,6.16,0.44,0.27,0.08,98.55,631854,1.2,23,0.77,0,0,2,88.31,98.54839714106915,15.596703849476167,1.0,1.6840999999999997,26.266408952902808,165.96535562527453
P0245,Brown Alex,West Coast,DEF,23,74,18.28,11.57,6.71,8.65,2.69,0.38,0.69,0.17,87.99,623201,1.05,16,0.84,0,0,1,86.76,87.99035253134366,14.119096813282338,1.0,1.228,17.33825088671071,108.05215290849002
P0246,Wilson Dan,Richmond,FWD,24,23,20.15,10.78,9.36,5.29,4.27,2.55,0.26,0.42,100.03,592937,1.0,12,0.88,0,0,3,117.67,100.02957224518182,16.870185575395332,1.0,1.0,16.870185575395332,100.02957224518182
P0247,Wilson Luke,Adelaide,DEF,24,39,17.72,11.43,6.29,4.52,6.58,0.07,0.59,0.3,88.09,627150,1.0,16,0.84,0,0,2,87.47,87.71576324153564,13.986408872125592,1.0,1.0,13.986408872125592,87.71576324153564
P0248,Smith Tom,Melbourne,DEF,29,21,21.82,15.19,6.63,10.53,5.36,0.53,0.0,0.45,115.49,755625,0.95,7,0.93,1,2,0,108.92,115.49094251799383,15.284161127277928,0.7200000000000001,1.0,11.004596011640109,83.15347861295557
P0249,Taylor Matt,Richmond,FWD,31,102,20.63,12.33,8.3,1.28,4.3,1.54,0.8,0.34,85.02,543622,0.85,20,0.8,0,0,1,97.08,85.01969646833255,15.63948781843497,1.0,1.0,15.63948781843497,85.01969646833255
P0250,Johnson Ben,Geelong,FWD,23,16,19.44,10.04,9.4,5.63,5.76,1.07,0.69,0.4,96.32,571613,1.05,31,0.69,0,1,1,113.78,96.32028273115205,16.85061094326967,0.9,1.3178,19.985161590936695,114.23778172480095
P0251,Miller Tom,Brisbane,MID,23,22,21.48,11.95,9.53,2.7,5.69,1.38,0.52,0.05,94.65,621606,1.05,28,0.72,0,0,2,99.32,94.64993165939788,15.226676006891484,1.0,1.3244,20.16620970352708,125.35436948970656
P0252,Miller Jack,Melbourne,FWD,26,75,15.35,8.07,7.28,3.89,5.0,2.93,0.73,0.3,89.05,602830,1.0,21,0.79,1,2,0,103.07,89.04906170704508,14.771836455890563,0.7200000000000001,1.0,10.635722248241207,64.11532442907247
P0253,Wilson Alex,Fremantle,MID,25,15,25.71,15.05,10.67,3.8,5.34,1.27,0.19,0.14,107.21,677620,1.0,15,0.85,0,0,1,119.34,107.21165141337211,15.821795610131359,1.0,1.0,15.821795610131359,107.21165141337211
P0254,Taylor Alex,Hawthorn,RUC,31,4,15.09,8.41,6.67,5.77,2.68,0.34,0.48,17.35,86.51,552484,0.85,13,0.87,0,0,1,80.12,86.5094508209859,15.658272605357967,1.0,1.0,15.658272605357967,86.5094508209859
P0255,Johnson Sam,West Coast,RUC,26,54,18.05,9.54,8.51,2.91,6.22,0.99,0.21,29.1,114.47,702182,1.0,12,0.88,0,0,1,133.37,114.47024531696681,16.30207628748199,1.0,1.0,16.30207628748199,114.47024531696681
P0256,Taylor Matt,Carlton,DEF,25,28,24.58,14.99,9.59,8.74,0.73,0.35,0.54,0.09,96.02,647408,1.0,22,0.78,1,2,0,106.25,96.01995067565795,14.831443336452121,0.7200000000000001,1.0,10.67863920224553,69.13436448647373
P0257,Taylor Jack,Hawthorn,RUC,21,7,17.81,10.41,7.4,7.07,2.57,0.02,0.19,23.77,101.58,670898,1.0,19,0.81,0,0,2,119.63,101.58100279949437,15.141050174466816,1.0,1.2782,19.353290333003486,129.8408377783137
P0258,Anderson Alex,Geelong,RUC,23,6,14.08,8.12,5.96,6.52,0.13,0.89,0.76,28.21,90.7,596585,1.05,32,0.68,0,1,0,106.49,90.70066771884821,15.203310126612001,0.9,1.3156000000000003,18.001327322313678,107.39321860582507
P0259,Jones Luke,Melbourne,MID,24,14,26.11,14.88,11.22,6.19,3.82,0.75,0.05,0.52,106.01,662678,1.0,19,0.81,0,4,2,115.24,106.01164130418549,15.997458992781635,0.6,1.0,9.59847539566898,63.60698478251129
P0260,Anderson Jack,Carlton,DEF,28,74,21.58,14.12,7.46,3.43,5.75,0.24,0.39,0.71,93.09,592253,1.0,21,0.79,0,2,0,85.24,93.0905667798432,15.718040563719086,0.8,1.0,12.57443245097527,74.47245342387457
P0261,Smith Alex,Carlton,FWD,32,1,21.19,11.31,9.88,6.27,0.56,2.1,0.59,0.29,88.21,568440,0.8,35,0.65,0,1,1,88.72,88.20955124349089,15.517829717030978,0.9,1.0,13.96604674532788,79.38859611914181
P0262,Taylor Jack,St Kilda,FWD,23,83,24.93,13.2,11.73,8.24,2.77,2.63,0.69,0.38,115.71,755620,1.05,6,0.94,0,0,0,130.64,115.7108141062467,15.313360433319222,1.0,1.248,19.111073820782387,144.40709600459587
P0263,Taylor Alex,Essendon,MID,23,6,28.97,14.86,14.11,6.97,3.58,0.18,0.35,0.45,109.92,680550,1.05,4,0.96,0,0,3,109.27,109.92066592961856,16.15173990590237,1.0,1.5837800000000002,25.58080262817006,174.09015228601132
P0264,Anderson Matt,Hawthorn,MID,21,4,29.91,15.07,14.84,4.8,2.78,0.28,0.45,1.08,103.64,699920,1.0,17,0.83,0,0,1,119.7,103.63952788878132,14.80733910858117,1.0,1.2826,18.991893140666207,132.92805847015092
P0265,Jones Matt,Sydney,FWD,25,24,20.24,10.69,9.56,1.71,3.91,1.46,0.26,0.0,80.94,540115,1.0,19,0.81,0,0,2,73.13,80.93959790182676,14.985623043579007,1.0,1.0,14.985623043579007,80.93959790182676
P0266,Wilson Josh,Sydney,FWD,24,29,19.72,11.65,8.07,4.36,3.04,1.73,0.83,0.0,87.52,602219,1.0,22,0.78,0,0,2,88.69,87.51884124617877,14.532726673548787,1.0,1.0,14.532726673548787,87.51884124617877
P0267,Williams Josh,Essendon,DEF,24,3,19.41,12.22,7.19,6.53,2.71,0.34,0.32,0.0,83.79,585706,1.0,14,0.86,0,0,3,74.94,83.79076311713682,14.30594242113566,1.0,1.0,14.30594242113566,83.79076311713682
P0268,Brown Tom,Sydney,MID,25,79,27.36,14.06,13.3,7.11,5.4,1.45,0.27,0.69,121.38,771161,1.0,19,0.81,0,0,3,108.95,119.4563235014516,15.490451864325557,1.0,1.0,15.490451864325557,119.4563235014516
P0269,Johnson Ben,Richmond,DEF,28,186,18.83,12.13,6.7,6.58,0.01,0.08,0.46,0.39,70.88,459584,1.0,27,0.73,0,0,1,65.8,70.88005382233986,15.422654797020753,1.0,1.0,15.422654797020753,70.88005382233986
P0270,Jones Matt,Brisbane,MID,33,300,17.44,9.14,8.3,7.32,6.95,0.49,0.36,0.56,97.62,641277,0.6,10,0.9,0,1,0,110.96,97.61997202137198,15.222746491979594,0.9,1.0,13.700471842781635,87.85797481923478
P0271,Taylor Dan,Carlton,MID,25,5,27.21,13.79,13.42,1.96,4.82,1.02,0.58,0.39,100.46,638142,1.0,10,0.9,0,1,2,80.67,100.45958958805578,15.742513357223906,0.9,1.0,14.168262021501516,90.4136306292502
P0272,Smith Jake,Collingwood,MID,24,20,30.11,15.97,14.14,3.23,7.72,0.61,0.57,0.01,120.96,764669,1.0,5,0.95,1,3,0,105.62,120.95918840632521,15.81850296093149,0.63,1.0,9.965656865386839,76.20428869598489
P0273,Smith Jake,Port Adelaide,MID,18,5,20.42,11.77,8.65,6.87,3.82,0.61,0.78,0.0,92.98,640806,1.3,37,0.63,0,0,2,97.06,92.9811116247603,14.510025128472627,1.0,1.8029000000000004,26.160124304123304,167.6356461482804
P0274,Williams Ben,Sydney,FWD,25,51,11.17,5.78,5.39,8.55,3.58,1.65,0.0,0.29,78.25,505990,1.0,37,0.63,0,0,2,64.25,78.25004415929462,15.464741231900753,1.0,1.0,15.464741231900753,78.25004415929462
P0275,Taylor Matt,Port Adelaide,DEF,26,5,22.86,15.49,7.37,7.18,5.36,0.36,0.58,0.04,107.0,727842,1.0,13,0.87,0,0,2,87.07,107.00058867784169,14.701073677781949,1.0,1.0,14.701073677781949,107.00058867784169
P0276,Anderson Alex,Hawthorn,MID,23,208,16.88,8.81,8.07,5.38,3.21,2.04,0.14,0.06,83.98,579978,1.05,29,0.71,0,0,0,92.12,83.97969482507001,14.479806962517547,1.0,1.202,17.40472796894609,100.94359317973415
P0277,Wilson Jack,Geelong,FWD,23,14,15.53,9.23,6.3,7.24,3.55,1.5,0.23,0.37,85.85,593526,1.05,18,0.82,0,0,3,77.73,85.849848987255,14.464378811923151,1.0,1.3464,19.47483963237333,115.58823667644013
P0278,Jones Tom,Melbourne,MID,28,201,27.56,16.47,11.09,7.66,7.64,0.94,0.34,0.24,131.35,800000,1.0,2,0.98,0,1,2,129.22,129.76716377679614,16.220895472099517,0.9,1.0,14.598805924889566,116.79044739911653
P0279,Taylor Sam,Fremantle,FWD,25,14,20.44,11.29,9.14,4.3,0.0,3.1,0.88,0.08,84.59,585924,1.0,11,0.89,0,0,0,89.85,84.59012791762329,14.437047794188887,1.0,1.0,14.437047794188887,84.59012791762329
P0280,Wilson Dan,St Kilda,FWD,24,21,21.87,11.1,10.77,6.99,3.79,1.63,0.59,0.0,101.35,610721,1.0,15,0.85,0,0,3,114.34,101.35035304639983,16.595196996075103,1.0,1.0,16.595196996075103,101.35035304639983
P0281,Smith Jake,Richmond,MID,18,3,21.19,10.79,10.4,5.96,7.99,0.6,0.84,0.35,107.84,705952,1.3,16,0.84,1,2,0,110.98,107.8400999001207,15.2758402696105,0.7200000000000001,1.8722000000000003,20.591588269990645,145.36672922376434
P0282,Jones Alex,Port Adelaide,DEF,29,81,27.4,18.29,9.11,4.84,1.69,0.47,0.53,0.28,97.99,649547,0.95,28,0.72,0,0,3,101.07,97.98906990255334,15.085755134355686,1.0,1.0,15.085755134355686,97.98906990255334
P0283,Anderson Sam,Western Bulldogs,MID,27,16,27.25,15.37,11.88,5.4,4.84,0.83,0.66,0.36,111.43,694014,1.0,5,0.95,0,0,1,129.91,111.43096079996819,16.056010512751644,1.0,1.0,16.056010512751644,111.43096079996819
P0284,Brown Ben,Collingwood,FWD,20,2,20.7,11.77,8.94,7.93,3.81,1.59,0.57,0.0,102.34,662688,1.1,5,0.95,0,0,1,104.98,102.34041883937543,15.443228010674016,1.0,1.8152750000000002,28.033705727076278,185.77600380864726
P0285,Smith Matt,Adelaide,DEF,26,106,17.03,10.5,6.52,5.9,4.98,0.33,0.22,0.28,84.66,540231,1.0,22,0.78,0,0,0,71.27,84.65973672482406,15.671025306734352,1.0,1.0,15.671025306734352,84.65973672482406
P0286,Smith Sam,Melbourne,FWD,27,39,19.99,10.17,9.82,3.74,2.26,1.74,0.29,0.12,81.27,516949,1.0,15,0.85,1,2,0,68.35,81.86335608594541,15.835866997701014,0.7200000000000001,1.0,11.401824238344732,58.941616381880706
P0287,Anderson Alex,Richmond,DEF,20,0,17.9,11.57,6.32,3.87,5.44,0.12,0.59,0.05,82.11,552292,1.1,27,0.73,0,0,0,68.26,85.7140059340174,15.51968993467539,1.0,1.5059000000000005,23.371101072627674,129.07672153603684
P0288,Jones Alex,Hawthorn,FWD,27,32,12.65,7.43,5.22,4.1,1.49,2.82,0.15,0.17,68.28,491197,1.0,59,0.41,0,0,3,80.17,68.27986949249697,13.900709795152855,1.0,1.0,13.900709795152855,68.27986949249697
P0289,Brown Luke,Fremantle,FWD,28,300,15.72,8.19,7.53,6.7,1.16,3.16,0.32,0.3,83.96,544782,1.0,20,0.8,0,1,1,70.14,83.70575177059187,15.364999535702697,0.9,1.0,13.828499582132428,75.3351765935327
P0290,Brown Sam,Port Adelaide,DEF,26,58,16.35,11.1,5.25,4.4,1.88,0.15,0.55,0.19,66.17,448189,1.0,43,0.57,0,1,2,56.32,66.17040445182796,14.763951023302214,0.9,1.0,13.287555920971993,59.55336400664517
P0291,Miller Sam,Fremantle,MID,26,97,31.55,17.07,14.48,8.27,7.62,0.36,0.4,0.42,138.48,800000,1.0,4,0.96,0,1,1,138.81,120.02310977667858,15.00288872208482,0.9,1.0,13.502599849876338,108.02079879901072
P0292,Davis Matt,Gold Coast,FWD,23,43,22.15,11.39,10.75,2.66,6.41,1.81,1.0,0.3,101.45,641089,1.05,12,0.88,0,1,0,114.16,101.45026430767156,15.824677120910131,0.9,1.3596000000000001,19.363707912230474,124.13860141743925
P0293,Jones Josh,Essendon,MID,32,100,32.36,16.27,16.09,3.69,5.12,0.68,0.58,0.54,117.78,772515,0.8,17,0.83,0,0,0,107.94,117.77952652792746,15.246244607279788,1.0,1.0,15.246244607279788,117.77952652792746
P0294,Miller Alex,Western Bulldogs,MID,24,7,38.19,20.87,17.32,5.56,4.65,0.95,1.16,0.46,139.86,800000,1.0,12,0.88,0,0,1,117.44,139.8596305811077,17.482453822638462,1.0,1.0,17.482453822638462,139.8596305811077
P0295,Taylor Jack,GWS,DEF,23,78,15.37,10.31,5.05,7.12,0.0,0.05,0.22,0.39,63.33,436059,1.05,48,0.52,0,0,2,56.88,63.32999763031351,14.523263510284961,1.0,1.1640000000000001,16.9050787259717,73.71611724168493
P0296,Jones Josh,Western Bulldogs,RUC,25,0,12.16,6.58,5.59,4.27,0.74,0.62,0.44,38.13,88.96,603148,1.0,18,0.82,1,3,0,81.82,88.82654133452652,14.727155082090388,0.63,1.0,9.278107701716944,55.96072104075171
P0297,Smith Dan,Gold Coast,RUC,24,54,14.41,8.09,6.31,4.19,2.3,0.2,0.7,18.44,79.01,541375,1.0,39,0.61,0,2,1,87.6,78.60091388499399,14.518755739550956,0.8,1.0,11.615004591640766,62.88073110799519
P0298,Jones Dan,Carlton,MID,26,10,27.74,16.1,11.64,4.07,6.54,0.85,1.06,0.15,116.27,776935,1.0,3,0.97,1,5,0,95.09,116.27033449280277,14.96525893321871,0.45,1.0,6.73436651994842,52.32165052176125
P0299,Brown Jake,Carlton,DEF,25,16,17.78,12.37,5.42,6.57,5.07,0.41,0.6,0.4,91.35,583794,1.0,35,0.65,0,0,3,92.69,91.34957493035202,15.647570021334927,1.0,1.0,15.647570021334927,91.34957493035202
P0300,Anderson Ben,Carlton,DEF,21,19,20.14,12.59,7.54,7.04,4.99,0.3,0.98,0.28,97.01,623503,1.0,12,0.88,1,2,0,98.8,97.01041599276952,15.55893331592142,0.7200000000000001,1.2936,14.491466018982686,90.35472537233761
P0301,Taylor Ben,Richmond,DEF,25,3,20.72,13.36,7.36,6.87,4.22,0.36,0.42,0.32,95.19,606506,1.0,22,0.78,0,1,3,90.82,95.18936229776747,15.694710736211592,0.9,1.0,14.125239662590433,85.67042606799073
P0302,Smith Ben,Carlton,FWD,26,64,14.64,7.47,7.16,7.72,3.04,2.02,0.52,0.45,85.14,579910,1.0,24,0.76,0,1,1,84.18,85.14028424517291,14.681637537751186,0.9,1.0,13.213473783976069,76.62625582065562
P0303,Davis Sam,Western Bulldogs,FWD,27,64,18.55,10.98,7.57,5.41,4.2,4.07,0.57,0.55,106.63,680455,1.0,17,0.83,0,0,0,114.72,106.63060012308169,15.670485208144799,1.0,1.0,15.670485208144799,106.63060012308169
P0304,Anderson Jake,Western Bulldogs,DEF,20,3,16.28,10.58,5.7,7.91,2.15,0.34,0.48,0.08,78.1,470495,1.1,43,0.57,0,1,3,91.13,78.10029117015965,16.599600669541577,0.9,1.4531000000000003,21.708791759619782,102.13877978942311
P0305,Davis Luke,Geelong,MID,30,24,20.63,12.18,8.45,4.68,4.63,0.46,0.48,0.5,89.76,595826,0.9,29,0.71,0,0,1,97.03,89.7617453314083,15.065093723907369,1.0,1.0,15.065093723907369,89.7617453314083
P0306,Wilson Luke,Hawthorn,MID,19,1,25.67,13.82,11.85,5.22,5.21,1.41,0.57,0.71,111.38,689840,1.2,6,0.94,0,0,3,97.79,111.38062949477334,16.145864185140518,1.0,1.7402,28.097032854981528,193.82457144680458
P0307,Johnson Matt,Western Bulldogs,FWD,18,19,27.41,15.74,11.68,5.64,2.28,2.42,0.66,0.1,111.88,697459,1.3,19,0.81,0,1,0,122.87,111.87957520120577,16.041025379442488,0.9,1.8623000000000003,26.885881407722174,187.517999607485
P0308,Smith Josh,North Melbourne,FWD,19,8,17.04,9.63,7.42,4.24,0.2,1.33,0.0,0.02,65.25,465088,1.2,35,0.65,0,0,1,55.08,65.25015022580209,14.029635300373712,1.0,1.6445,23.07173525146457,107.30387204633153
P0309,Davis Alex,Fremantle,RUC,23,3,14.3,7.43,6.86,2.57,3.55,0.54,0.0,33.97,95.13,625506,1.05,33,0.67,0,2,1,88.11,95.13053924653514,15.20857341840608,0.8,1.3134000000000001,15.97995226218764,99.95556019711941
P0310,Johnson Luke,Port Adelaide,MID,20,40,29.0,14.8,14.2,5.3,1.52,0.68,0.32,0.51,99.71,685101,1.1,15,0.85,0,1,1,81.65,103.62377050158864,15.125327579669076,0.9,1.5455000000000003,21.038574396940707,144.13548357918475
P0311,Miller Alex,Western Bulldogs,MID,25,27,13.88,6.95,6.93,0.17,5.05,0.39,0.98,0.0,58.75,370794,1.0,59,0.41,0,0,2,58.76,58.74998860798346,15.844374129026754,1.0,1.0,15.844374129026754,58.74998860798346
P0312,Jones Josh,Richmond,DEF,24,6,16.57,10.5,6.07,5.9,3.51,0.73,0.79,0.38,80.9,549557,1.0,39,0.61,0,0,3,69.79,80.42373855351406,14.634285170330658,1.0,1.0,14.634285170330658,80.42373855351406
P0313,Davis Matt,Melbourne,MID,27,141,23.56,13.36,10.2,3.86,8.98,1.03,0.82,0.89,115.88,755108,1.0,8,0.92,0,1,2,95.6,115.88081969315918,15.34625771322237,0.9,1.0,13.811631941900133,104.29273772384326
P0314,Johnson Matt,Gold Coast,DEF,24,5,22.01,14.06,7.95,5.75,4.62,0.17,0.22,0.15,95.21,654812,1.0,21,0.79,0,0,1,105.79,95.2106853873003,14.54015585959028,1.0,1.0,14.54015585959028,95.2106853873003
P0315,Wilson Jake,Gold Coast,RUC,29,113,9.99,5.88,4.11,6.64,2.81,0.17,0.58,19.67,78.29,479353,0.95,34,0.66,0,0,2,84.8,78.29011459537399,16.33245532944907,1.0,1.0,16.33245532944907,78.29011459537399
P0316,Davis Sam,Richmond,RUC,32,28,13.03,7.4,5.63,3.47,3.75,0.48,0.34,31.95,94.06,566439,0.8,32,0.68,1,2,0,90.84,94.14692384739321,16.620840699067898,0.7200000000000001,1.0,11.967005303328888,67.78578517012312
P0317,Wilson Jake,Fremantle,DEF,23,2,24.91,15.63,9.28,6.11,4.57,0.19,0.74,0.2,104.15,678763,1.05,13,0.87,0,0,1,122.68,104.14898390245595,15.343939475554201,1.0,1.3574000000000002,20.827863444117273,141.37183074919372
P0318,Taylor Alex,North Melbourne,FWD,24,21,11.6,6.48,5.13,2.94,2.34,3.03,0.13,0.3,66.46,486407,1.0,49,0.51,0,2,0,54.22,66.4599752327149,13.663449587015585,0.8,1.0,10.930759669612469,53.16798018617192
P0319,Davis Ben,Essendon,RUC,27,51,12.25,7.22,5.03,4.09,5.62,0.42,0.89,39.66,109.57,733065,1.0,17,0.83,0,0,1,112.26,109.57045936455974,14.946895481923123,1.0,1.0,14.946895481923123,109.57045936455974
P0320,Williams Alex,Hawthorn,FWD,31,111,9.53,5.32,4.21,5.21,3.45,1.65,0.0,0.3,64.05,412763,0.85,25,0.75,0,0,0,56.1,64.05002210277394,15.517384577293491,1.0,1.0,15.517384577293491,64.05002210277394
P0321,Taylor Josh,North Melbourne,FWD,27,79,21.46,11.31,10.15,6.87,0.36,2.23,0.89,0.2,90.75,579020,1.0,24,0.76,0,0,2,81.76,90.75041734285297,15.67310582412576,1.0,1.0,15.67310582412576,90.75041734285297
P0322,Williams Dan,Essendon,RUC,26,93,14.62,8.34,6.27,2.52,4.28,0.17,0.17,34.58,98.01,696948,1.0,10,0.9,0,0,0,82.12,98.01075769584293,14.062850843368933,1.0,1.0,14.062850843368933,98.01075769584293
P0323,Smith Dan,Carlton,RUC,27,200,11.78,6.7,5.08,6.84,2.81,0.38,0.23,37.76,102.33,685548,1.0,15,0.85,0,1,2,108.47,102.33037360448492,14.926799232801338,0.9,1.0,13.434119309521204,92.09733624403643
P0324,Davis Ben,North Melbourne,FWD,25,26,14.02,7.88,6.14,6.29,2.98,1.01,0.72,0.0,73.52,537593,1.0,25,0.75,0,0,0,87.22,73.52074423048734,13.675911745593291,1.0,1.0,13.675911745593291,73.52074423048734
P0325,Jones Ben,Geelong,DEF,27,11,17.27,10.5,6.77,5.45,3.97,0.33,0.63,0.22,80.1,555925,1.0,33,0.67,1,3,0,91.17,79.90036386443684,14.37250777792631,0.63,1.0,9.054679900093575,50.33722923459521
P0326,Miller Ben,Melbourne,RUC,27,31,19.16,11.42,7.74,4.95,3.41,0.78,0.43,37.23,120.55,753470,1.0,5,0.95,0,0,0,112.16,120.54924920114641,15.99921021422836,1.0,1.0,15.99921021422836,120.54924920114641
P0327,Brown Tom,Fremantle,RUC,22,31,15.0,8.43,6.56,4.09,3.68,0.57,0.16,13.25,82.27,566478,1.1,18,0.82,0,1,1,81.74,82.26979234039217,14.523033964318504,0.9,1.4124,18.461099854083113,104.57806923141293
P0328,Williams Luke,Richmond,DEF,26,0,13.0,8.17,4.83,6.47,5.91,0.0,0.2,0.53,77.95,534950,1.0,49,0.51,0,0,2,73.0,77.95002003524594,14.571459021449844,1.0,1.0,14.571459021449844,77.95002003524594
P0329,Taylor Alex,Richmond,DEF,26,165,15.72,10.73,4.99,5.68,2.85,0.3,0.69,0.36,73.45,498323,1.0,48,0.52,0,0,1,68.74,73.45051828635788,14.739540074682058,1.0,1.0,14.739540074682058,73.45051828635788
P0330,Johnson Luke,Richmond,DEF,21,38,13.91,9.39,4.52,4.83,3.3,0.35,0.8,0.17,67.99,531050,1.0,24,0.76,0,0,3,68.62,67.98976003431348,12.80289238947622,1.0,1.2672000000000003,16.223825235944272,86.15662391548206
P0331,Johnson Alex,North Melbourne,FWD,28,79,16.42,8.62,7.8,3.31,3.96,2.02,0.33,0.0,79.73,538418,1.0,26,0.74,0,0,2,89.88,79.72949019244993,14.808102662327398,1.0,1.0,14.808102662327398,79.72949019244993
P0332,Anderson Josh,Geelong,MID,30,51,23.74,14.08,9.66,9.47,3.23,0.57,0.17,0.05,106.5,710394,0.9,5,0.95,0,1,0,106.39,106.49988598935046,14.991664624046722,0.9,1.0,13.49249816164205,95.84989739041542
P0333,Taylor Dan,Western Bulldogs,RUC,19,5,14.07,7.61,6.46,6.83,0.65,0.14,0.54,30.57,90.82,587887,1.2,33,0.67,0,0,3,86.75,90.8195889337511,15.448477162065348,1.0,1.6511,25.506980642286095,149.95222328851645
P0334,Taylor Jack,North Melbourne,FWD,22,3,19.85,10.61,9.24,3.79,4.1,2.29,0.61,0.49,92.92,559179,1.1,19,0.81,0,1,0,106.46,91.55249723684257,16.372663715347425,0.9,1.4102000000000001,20.779857334244646,116.19659844305588
P0335,Williams Luke,Geelong,MID,29,13,19.19,11.13,8.06,4.27,7.62,0.4,1.04,0.2,96.47,624469,0.95,10,0.9,0,0,1,88.93,96.47074150764354,15.448443638938608,1.0,1.0,15.448443638938608,96.47074150764354
P0336,Williams Matt,GWS,RUC,29,96,14.13,7.44,6.69,2.82,1.89,0.49,0.07,12.96,67.7,446755,0.95,48,0.52,1,2,0,58.33,67.69974680559991,15.1536629261228,0.7200000000000001,1.0,10.910637306808418,48.74381770003195
P0337,Miller Sam,Adelaide,FWD,30,1,19.47,10.8,8.66,4.83,4.72,1.09,0.87,0.24,90.79,624261,0.9,32,0.68,0,2,1,77.82,90.79005131916628,14.54360456910912,0.8,1.0,11.634883655287297,72.63204105533303
P0338,Jones Jake,Geelong,DEF,25,45,19.96,12.13,7.84,6.95,0.51,0.19,0.58,0.15,76.81,546659,1.0,26,0.74,0,0,1,66.36,76.35888654742838,13.968284899256828,1.0,1.0,13.968284899256828,76.35888654742838
P0339,Smith Ben,Richmond,MID,34,26,27.18,14.37,12.81,7.79,5.1,0.85,0.37,0.34,118.34,771538,0.52,3,0.97,1,2,0,122.51,118.33983948052865,15.338173813931219,0.7200000000000001,1.0,11.043485146030479,85.20468442598064
P0340,Jones Alex,Adelaide,DEF,18,2,22.7,15.39,7.31,2.0,6.86,0.14,0.6,0.13,95.81,604863,1.3,14,0.86,0,0,3,83.85,95.81023933212911,15.839990102242842,1.0,1.8788000000000002,29.760173404093855,180.00827765720422
P0341,Johnson Ben,Carlton,FWD,30,110,18.72,11.15,7.57,5.5,4.89,2.13,0.51,0.22,98.15,680681,0.9,27,0.73,1,2,0,115.25,98.14953798613467,14.419315066254923,0.7200000000000001,1.0,10.381906847703545,70.66766735001697
P0342,Jones Jake,Hawthorn,FWD,21,1,21.08,11.63,9.45,6.52,2.32,0.74,0.45,0.1,87.63,593141,1.0,27,0.73,0,0,2,80.23,87.63084478480624,14.77403261362918,1.0,1.2606,18.62414551274094,110.46744293572675
P0343,Miller Dan,Hawthorn,MID,25,16,33.42,19.51,13.91,5.16,1.07,1.23,0.0,0.41,113.85,697663,1.0,14,0.86,0,0,0,114.23,113.84935551809386,16.318674706569485,1.0,1.0,16.318674706569485,113.84935551809386
P0344,Taylor Jake,Geelong,RUC,18,2,15.93,8.25,7.68,4.8,3.14,0.24,0.04,30.05,98.63,676297,1.3,33,0.67,0,0,0,86.44,98.62923028695319,14.583715481061306,1.0,1.8161000000000005,26.485485685155446,179.12054512413573
P0345,Jones Jake,GWS,DEF,25,77,16.82,10.1,6.72,5.88,6.46,0.33,0.88,0.63,90.67,591454,1.0,34,0.66,0,0,0,76.72,90.67002293344866,15.330021089289897,1.0,1.0,15.330021089289897,90.67002293344866
P0346,Davis Josh,Gold Coast,RUC,25,12,13.96,7.06,6.91,5.03,2.08,0.48,0.6,39.47,101.37,656443,1.0,8,0.92,0,0,1,88.1,101.37167988404816,15.442571538434892,1.0,1.0,15.442571538434892,101.37167988404816
P0347,Anderson Matt,North Melbourne,RUC,24,66,15.59,9.16,6.43,7.02,3.96,0.06,0.71,23.64,101.92,674219,1.0,9,0.91,0,0,0,83.72,101.91913069564932,15.116620963759447,1.0,1.0,15.116620963759447,101.91913069564932
P0348,Taylor Jack,Hawthorn,MID,21,17,30.29,16.77,13.51,6.3,4.29,0.98,0.6,0.27,120.15,764850,1.0,13,0.87,1,2,0,138.77,120.14981082772988,15.708937808423856,0.7200000000000001,1.2914,14.606296045774974,111.71625530610989
P0349,Miller Josh,Melbourne,RUC,18,17,15.3,9.08,6.22,3.67,4.55,0.68,0.42,32.32,105.72,717624,1.3,13,0.87,1,2,0,108.98,105.72089787006057,14.732073881316756,0.7200000000000001,1.8821000000000006,19.96361010145892,143.26365735449357
P0350,Smith Josh,Melbourne,FWD,23,13,13.58,6.97,6.61,5.21,6.09,1.29,0.4,0.56,82.85,486631,1.05,35,0.65,0,0,3,78.51,82.84974011338726,17.02516693621805,1.0,1.309,22.285943519509427,108.45030980842391
P0351,Miller Alex,Fremantle,RUC,20,18,8.21,4.78,3.43,5.09,1.23,0.02,0.22,19.44,61.13,463424,1.1,29,0.71,0,1,0,65.44,61.12979360986841,13.19089939447858,0.9,1.4993000000000003,17.799403915927563,82.48670960334815
P0352,Brown Jake,Geelong,DEF,31,1,23.16,13.98,9.18,5.53,4.68,0.13,0.63,0.42,97.43,657774,0.85,10,0.9,0,0,2,101.99,97.42958093705609,14.812014603352532,1.0,1.0,14.812014603352532,97.42958093705609
P0353,Smith Jack,Collingwood,MID,31,41,33.35,19.46,13.89,4.27,1.66,1.61,0.35,0.64,116.28,787526,0.85,14,0.86,0,0,3,110.84,116.09453118189042,14.74167598046165,1.0,1.0,14.74167598046165,116.09453118189042
P0354,Williams Sam,Gold Coast,DEF,22,15,23.53,14.76,8.77,7.99,3.81,0.73,0.21,0.0,105.65,614464,1.1,13,0.87,1,2,0,102.97,109.38709577542497,17.80203490772852,0.7200000000000001,1.4234000000000002,18.244379871115765,112.10514633125275
P0355,Anderson Jake,Brisbane,FWD,25,29,17.66,8.85,8.8,6.29,2.12,2.16,0.2,0.5,85.15,491219,1.0,18,0.82,0,0,2,85.97,85.16157796549666,17.336784197170033,1.0,1.0,17.336784197170033,85.16157796549666
P0356,Wilson Matt,GWS,RUC,25,5,16.51,8.84,7.66,5.74,3.48,0.07,0.65,35.5,109.53,697450,1.0,4,0.96,0,1,3,105.51,109.47637643503155,15.696663048968606,0.9,1.0,14.126996744071747,98.5287387915284
P0357,Williams Ben,North Melbourne,FWD,27,119,25.07,12.84,12.23,7.08,3.14,1.59,0.45,0.0,106.76,680776,1.0,13,0.87,0,2,1,105.09,106.75933713065373,15.682006582290464,0.8,1.0,12.545605265832371,85.407469704523
P0358,Brown Josh,Hawthorn,FWD,27,31,22.72,12.66,10.06,5.26,2.28,2.67,0.25,0.35,99.66,648263,1.0,34,0.66,0,1,0,90.91,99.65865473523385,15.373182602621753,0.9,1.0,13.835864342359578,89.69278926171047
P0359,Davis Tom,GWS,FWD,31,37,20.25,11.4,8.85,7.14,4.52,0.65,0.47,0.24,96.05,577710,0.85,24,0.76,0,0,2,80.56,96.04834258085415,16.625701923258063,1.0,1.0,16.625701923258063,96.04834258085415
P0360,Williams Sam,Collingwood,FWD,18,2,18.03,10.42,7.61,3.55,4.09,2.13,0.51,0.45,87.23,501713,1.3,15,0.85,0,0,1,87.4,87.22982943762898,17.38640008084881,1.0,1.8755000000000002,32.60819335163195,163.59954511027317
P0361,Davis Josh,Collingwood,RUC,26,121,13.5,8.03,5.47,2.57,2.49,0.2,0.33,30.38,84.61,512833,1.0,18,0.82,0,1,1,73.47,84.60858235171065,16.498271825664624,0.9,1.0,14.848444643098162,76.14772411653959
P0362,Brown Josh,GWS,MID,29,75,35.01,20.79,14.22,3.91,4.25,1.05,0.45,0.41,126.71,800000,0.95,9,0.91,0,0,2,118.53,120.22565908980248,15.02820738622531,1.0,1.0,15.02820738622531,120.22565908980248
P0363,Smith Luke,Richmond,RUC,21,34,20.7,12.22,8.47,4.13,1.45,0.76,0.62,33.18,110.13,698033,1.0,7,0.93,0,2,1,127.93,110.13028647754732,15.777232090395055,0.8,1.3046,16.46638158810351,114.94077739088658
P0364,Smith Matt,St Kilda,FWD,22,42,22.33,12.08,10.25,7.33,1.76,0.41,0.26,0.0,88.5,637679,1.1,13,0.87,0,4,2,72.58,88.50002013144532,13.87845924539546,0.6,1.4234000000000002,11.85275933393754,75.58255719305957
P0365,Wilson Tom,GWS,RUC,35,30,15.84,9.42,6.42,4.74,4.13,0.13,0.0,29.79,102.39,658040,0.5,17,0.83,0,0,1,93.16,102.38884329171486,15.559668605512561,1.0,1.0,15.559668605512561,102.38884329171486
P0366,Brown Josh,Melbourne,RUC,28,1,12.97,7.74,5.23,1.14,3.39,0.32,0.28,28.51,81.39,597588,1.0,31,0.69,0,0,2,80.82,81.39052313740716,13.619838942115162,1.0,1.0,13.619838942115162,81.39052313740716
P0367,Miller Josh,North Melbourne,MID,19,19,26.82,15.94,10.88,0.63,5.55,1.14,0.7,0.12,101.32,659454,1.2,6,0.94,0,1,1,101.83,101.32047921006281,15.36429822399482,0.9,1.7402,24.06325659245621,158.6861081292162
P0368,Taylor Jake,Melbourne,MID,26,46,32.39,16.24,16.15,5.45,3.94,1.02,0.2,0.25,119.7,791340,1.0,14,0.86,0,1,1,105.07,119.70068130939559,15.126327660600449,0.9,1.0,13.613694894540405,107.73061317845604
P0369,Smith Ben,Melbourne,DEF,29,6,25.77,17.02,8.75,1.13,5.37,0.14,0.13,0.24,94.6,609625,0.95,12,0.88,0,0,2,87.99,94.5987168554663,15.517525832350426,1.0,1.0,15.517525832350426,94.5987168554663
P0370,Smith Ben,Sydney,FWD,25,13,23.45,11.87,11.58,2.79,4.23,2.15,0.0,0.22,97.17,676356,1.0,15,0.85,0,0,2,115.46,97.17049035478122,14.366766962188734,1.0,1.0,14.366766962188734,97.17049035478122
P0371,Anderson Dan,Collingwood,MID,18,8,23.24,12.75,10.49,1.26,5.83,0.44,0.23,0.69,89.93,636733,1.3,19,0.81,0,0,1,75.56,90.75616716265756,14.253410324682019,1.0,1.8623000000000003,26.54412604765533,169.0152101070172
P0372,Anderson Sam,Western Bulldogs,RUC,22,14,13.39,7.79,5.6,4.11,4.83,0.42,0.67,42.0,111.42,732194,1.1,17,0.83,0,0,3,97.83,111.4206559545137,15.217368068369,1.0,1.4146,21.52648886951479,157.6156599132551
P0373,Johnson Jake,Melbourne,MID,19,2,33.36,17.54,15.82,0.47,4.3,0.71,0.08,0.71,107.91,651832,1.2,16,0.84,0,1,2,100.75,107.90973195254494,16.55483804915146,0.9,1.7072,25.436177565760236,165.80114495044626
P0374,Williams Tom,Richmond,FWD,28,8,19.79,10.97,8.82,5.05,2.92,2.18,0.66,0.21,91.33,587595,1.0,35,0.65,0,3,3,107.16,91.3294883527195,15.542931500901044,0.7,1.0,10.88005205063073,63.93064184690364
P0375,Williams Dan,Geelong,FWD,29,183,18.04,9.75,8.29,5.97,3.01,2.7,0.71,0.17,92.88,574918,0.95,16,0.84,0,2,2,81.21,92.87920184983967,16.155208542755606,0.8,1.0,12.924166834204485,74.30336147987174
P0376,Taylor Sam,Western Bulldogs,RUC,22,6,17.54,10.15,7.39,3.76,2.2,1.37,0.25,32.23,105.98,725528,1.1,5,0.95,0,0,2,111.93,105.98023084951515,14.607324713796732,1.0,1.6571500000000001,24.206528149468255,175.62513955227405
P0377,Wilson Luke,St Kilda,DEF,24,23,15.34,9.26,6.08,6.99,3.08,0.19,0.6,0.37,75.35,515559,1.0,29,0.71,0,1,3,74.11,75.57159645999673,14.658185864274841,0.9,1.0,13.192367277847358,68.01443681399705
P0378,Davis Dan,Western Bulldogs,RUC,31,43,12.07,6.8,5.28,1.99,2.67,1.47,0.68,37.16,94.29,639596,0.85,36,0.64,0,0,2,94.3,94.29036024433093,14.742174786010377,1.0,1.0,14.742174786010377,94.29036024433093
P0379,Smith Jake,Fremantle,FWD,23,90,19.02,10.7,8.33,2.93,4.59,0.87,0.49,0.21,81.84,563820,1.05,30,0.7,0,1,1,89.04,81.84014047774944,14.515295746470407,0.9,1.2,15.67651940618804,88.3873517159694
P0380,Williams Josh,Gold Coast,DEF,27,46,17.94,11.56,6.38,6.22,4.28,0.04,0.23,0.08,83.75,584855,1.0,35,0.65,0,1,1,97.63,83.74940170591198,14.319686367717123,0.9,1.0,12.887717730945411,75.37446153532078
P0381,Davis Jake,Geelong,DEF,18,10,23.18,15.85,7.32,4.87,3.93,0.21,0.67,0.23,94.69,587903,1.3,30,0.7,1,3,0,88.91,93.57323999285035,15.91644199686859,0.63,1.8260000000000003,18.309956544357693,107.6447838229752
P0382,Wilson Jack,Western Bulldogs,DEF,25,26,21.6,14.26,7.34,5.36,4.23,0.51,0.0,0.0,93.57,593786,1.0,25,0.75,0,0,0,100.65,93.56931651113383,15.758087343105737,1.0,1.0,15.758087343105737,93.56931651113383
P0383,Taylor Tom,Brisbane,DEF,25,66,23.79,16.2,7.59,5.81,3.85,0.15,0.64,0.3,98.43,662123,1.0,10,0.9,0,0,1,105.18,98.43056408226137,14.865903175431358,1.0,1.0,14.865903175431358,98.43056408226137
P0384,Jones Jack,Sydney,MID,30,12,22.66,12.06,10.6,6.5,5.04,0.06,0.58,0.56,98.55,636985,0.9,24,0.76,0,0,2,108.0,98.55047342811177,15.471396253932475,1.0,1.0,15.471396253932475,98.55047342811177
P0385,Williams Luke,Fremantle,FWD,27,67,24.72,12.71,12.01,5.42,4.45,1.91,0.77,0.09,108.56,671117,1.0,14,0.86,1,2,0,111.18,108.56052292800464,16.176094917578403,0.7200000000000001,1.0,11.646788340656451,78.16357650816336
P0386,Jones Dan,St Kilda,RUC,24,0,14.34,7.3,7.04,2.98,0.18,0.68,0.26,16.97,66.96,464764,1.0,24,0.76,0,0,1,58.32,66.39293969403687,14.285301721741973,1.0,1.0,14.285301721741973,66.39293969403687
P0387,Brown Tom,Sydney,MID,31,43,21.81,12.67,9.15,1.86,2.73,0.87,1.03,0.81,79.85,532938,0.85,52,0.48,0,0,2,68.14,79.85049828590888,14.98307463267939,1.0,1.0,14.98307463267939,79.85049828590888
P0388,Davis Ben,Brisbane,DEF,27,18,17.09,11.39,5.71,6.96,2.25,0.26,0.75,0.0,77.77,491522,1.0,44,0.56,0,2,3,68.33,77.7702922648992,15.822342085379534,0.8,1.0,12.657873668303628,62.21623381191936
P0389,Anderson Tom,Geelong,RUC,19,4,17.48,8.92,8.56,4.05,5.72,0.2,0.15,36.68,116.94,714449,1.2,18,0.82,1,2,0,131.13,116.93998219336895,16.367855815232293,0.7200000000000001,1.7006,20.041326431556506,143.18505627699113
P0390,Johnson Ben,Gold Coast,MID,28,18,18.09,9.58,8.51,7.14,4.39,1.61,0.06,0.5,94.98,599682,1.0,14,0.86,0,0,3,83.71,94.98189708145156,15.838710696911292,1.0,1.0,15.838710696911292,94.98189708145156
P0391,Jones Jack,North Melbourne,DEF,22,40,16.77,10.83,5.95,3.57,6.28,0.31,0.36,0.0,82.42,562835,1.1,20,0.8,0,0,1,81.09,82.42097870126585,14.643897181459195,1.0,1.4080000000000004,20.61860723149455,116.04873801138235
P0392,Smith Jake,Melbourne,RUC,18,2,17.67,9.56,8.11,3.45,5.57,0.71,0.1,14.62,96.53,617323,1.3,30,0.7,0,0,1,100.61,96.52818012632534,15.63657601066627,1.0,1.8260000000000003,28.552387795476612,176.2604569106701
P0393,Miller Ben,Carlton,MID,22,15,24.49,14.26,10.24,7.25,5.77,0.38,0.79,0.5,111.67,740105,1.1,5,0.95,0,0,1,107.67,111.66952045211622,15.088334824398729,1.0,1.6571500000000001,25.003634054252355,185.0531458172244
P0394,Miller Luke,Sydney,MID,25,20,23.68,12.73,10.95,4.43,2.43,1.35,0.26,0.65,92.13,637868,1.0,16,0.84,0,2,0,89.76,91.82107680147352,14.39499658259601,0.8,1.0,11.515997266076809,73.45686144117882
P0395,Williams Josh,Fremantle,MID,23,21,26.17,14.56,11.61,8.5,4.91,1.02,1.3,0.46,119.97,749235,1.05,10,0.9,0,0,0,129.94,116.76356276929444,15.584371094422234,1.0,1.364,21.25708217279193,159.26549961731763
P0396,Miller Alex,North Melbourne,DEF,27,43,18.69,11.63,7.06,7.66,2.74,0.36,0.44,0.13,85.65,489255,1.0,10,0.9,0,0,2,70.21,85.86798871567471,17.550763654060706,1.0,1.0,17.550763654060706,85.86798871567471
P0397,Davis Ben,Port Adelaide,RUC,24,36,12.18,6.96,5.22,3.09,3.75,0.66,0.0,35.14,94.69,648359,1.0,20,0.8,0,0,2,97.92,94.68912229766032,14.604427839770917,1.0,1.0,14.604427839770917,94.68912229766032
P0398,Anderson Ben,Hawthorn,FWD,20,2,20.37,12.03,8.34,6.25,4.67,1.18,0.57,0.2,98.07,623338,1.1,39,0.61,0,1,3,112.97,97.87287455975921,15.701413127349722,0.9,1.4663000000000004,20.720683861769615,129.1598963702775
P0399,Taylor Sam,Geelong,FWD,34,2,14.93,7.88,7.05,4.84,2.32,1.17,0.51,0.38,69.44,493960,0.52,48,0.52,0,2,3,75.87,69.35090148285869,14.039780849230441,0.8,1.0,11.231824679384353,55.48072118628696
P0400,Jones Luke,Gold Coast,RUC,24,13,9.14,5.34,3.8,5.51,1.08,0.62,0.56,23.6,72.39,507315,1.0,31,0.69,0,3,2,65.42,72.38965281641305,14.269172568603933,0.7,1.0,9.988420798022753,50.67275697148913
P0401,Anderson Matt,Western Bulldogs,DEF,22,63,21.14,13.89,7.26,8.6,2.62,0.47,1.12,0.0,96.41,604843,1.1,28,0.72,0,1,3,95.37,96.40999944895378,15.939673510142926,0.9,1.264,18.132972585138592,109.67601537312983
P0402,Williams Jack,Hawthorn,MID,21,17,19.0,10.36,8.63,3.39,6.38,0.18,0.6,0.93,86.63,577978,1.0,26,0.74,0,1,1,97.43,86.62974840420789,14.988416238024266,0.9,1.2628,17.034634822839337,98.45644165635035
P0403,Williams Ben,Western Bulldogs,DEF,28,17,22.47,14.54,7.93,4.99,7.49,0.37,0.58,0.07,107.26,713870,1.0,7,0.93,0,0,0,113.39,107.25995707998597,15.025138621875968,1.0,1.0,15.025138621875968,107.25995707998597
P0404,Smith Jake,Collingwood,FWD,18,2,17.06,9.5,7.56,1.04,0.75,2.72,0.35,0.52,66.92,471999,1.3,32,0.68,0,0,1,66.54,66.92011157796101,14.178019779270933,1.0,1.8194000000000004,25.79548918640554,121.75445100494228
P0405,Smith Luke,Collingwood,MID,24,26,29.78,16.13,13.65,4.15,6.11,0.54,0.6,0.1,116.49,703902,1.0,8,0.92,1,2,0,135.76,116.49043128429994,16.549239991405045,0.7200000000000001,1.0,11.915452793811633,83.87311052469597
P0406,Brown Josh,North Melbourne,RUC,22,40,14.62,8.19,6.43,3.96,0.87,0.75,0.0,36.04,93.35,609972,1.1,31,0.69,0,1,1,85.15,93.34928353874777,15.303863708292804,0.9,1.3838000000000001,19.059737939582025,116.25906470482727
P0407,Anderson Alex,Sydney,DEF,28,6,14.26,9.49,4.77,5.27,5.01,0.4,0.48,0.47,77.23,522580,1.0,41,0.59,0,0,1,91.56,77.50720035564314,14.831643070083649,1.0,1.0,14.831643070083649,77.50720035564314
P0408,Jones Luke,Hawthorn,DEF,23,24,19.62,13.16,6.46,5.31,2.63,0.18,0.73,0.45,81.13,502340,1.05,24,0.76,0,2,0,87.84,81.12976378552723,16.150369030044835,0.8,1.3332000000000004,17.225337592684625,86.52976086309195
P0409,Taylor Dan,Melbourne,MID,27,32,34.07,18.71,15.36,5.49,5.25,0.75,0.16,0.53,129.49,800000,1.0,4,0.96,0,1,3,154.47,129.48983641406778,16.186229551758473,0.9,1.0,14.567606596582626,116.54085277266101
P0410,Johnson Sam,St Kilda,DEF,21,5,18.15,12.59,5.56,1.49,4.67,0.25,0.17,0.39,74.11,476088,1.0,43,0.57,0,0,2,67.87,74.11101959964958,15.566664062032562,1.0,1.2254,19.0753901416147,90.8156434174106
P0411,Anderson Josh,Western Bulldogs,DEF,24,51,16.33,10.51,5.82,5.9,5.32,0.34,0.59,0.25,85.05,575187,1.0,31,0.69,0,0,2,101.34,85.05061378316029,14.786602232519211,1.0,1.0,14.786602232519211,85.05061378316029
P0412,Davis Dan,Geelong,MID,21,3,18.88,10.54,8.34,5.56,1.09,0.51,0.02,0.4,72.83,475823,1.0,33,0.67,0,0,0,58.42,72.82985494070162,15.306081240440587,1.0,1.2474,19.09280573932559,90.84796105303121
P0413,Davis Matt,Port Adelaide,MID,32,33,22.58,12.8,9.78,4.78,4.07,1.04,0.23,0.67,95.73,644125,0.8,13,0.87,0,5,0,83.5,95.72910276567936,14.861882827972732,0.5,1.0,7.430941413986366,47.86455138283968
P0414,Williams Josh,North Melbourne,FWD,30,77,11.68,6.24,5.44,6.18,6.81,2.05,0.0,0.64,88.36,537727,0.9,36,0.64,1,2,0,105.18,88.3601831161456,16.43216411229966,0.7200000000000001,1.0,11.831158160855756,63.61933184362484
P0415,Taylor Jack,Melbourne,MID,27,29,26.51,14.41,12.09,4.72,5.2,1.3,0.21,0.52,110.9,735288,1.0,5,0.95,1,2,0,111.51,110.72408945993513,15.058601454115276,0.7200000000000001,1.0,10.842193046963,79.7213444111533
P0416,Johnson Matt,Fremantle,FWD,26,191,23.04,12.99,10.05,4.64,3.98,1.58,1.04,0.09,99.49,657993,1.0,37,0.63,0,1,2,101.82,99.48949646099427,15.120145117196424,0.9,1.0,13.608130605476783,89.54054681489485
P0417,Miller Matt,Port Adelaide,MID,18,1,31.5,16.29,15.22,7.12,1.77,0.32,0.66,0.58,110.91,713311,1.3,7,0.93,0,0,3,125.7,110.91038237569012,15.548671249383526,1.0,1.9019000000000001,29.57201784920253,210.94045624032506
P0418,Davis Sam,Fremantle,DEF,23,0,24.07,15.95,8.12,7.96,6.65,0.16,1.08,0.18,116.78,743313,1.05,6,0.94,0,0,1,107.15,116.78008764507466,15.710755448253249,1.0,1.3728,21.56772507936206,160.3157043191585
P0419,Wilson Josh,Gold Coast,RUC,19,8,11.53,5.84,5.69,4.35,4.86,0.87,0.42,38.2,105.21,625994,1.2,4,0.96,0,1,3,115.57,105.21037895113798,16.80693088929574,0.9,2.0088199999999996,30.385889018131554,190.21384210016248
P0420,Davis Jake,Sydney,FWD,24,93,20.4,11.39,9.01,0.54,5.82,2.05,0.23,0.0,89.62,523847,1.0,11,0.89,0,0,1,76.48,89.61965615031068,17.10798308481497,1.0,1.0,17.10798308481497,89.61965615031068
P0421,Miller Jake,Essendon,RUC,34,202,13.61,7.37,6.23,2.94,4.3,0.49,0.11,16.05,79.72,518199,0.52,49,0.51,0,1,2,66.07,79.72047791083267,15.384143526103422,0.9,1.0,13.84572917349308,71.7484301197494
P0422,Davis Ben,North Melbourne,MID,27,97,34.05,17.43,16.63,6.32,7.17,0.94,0.7,0.29,139.78,800000,1.0,19,0.81,1,3,0,133.18,139.7802538813347,17.472531735166836,0.63,1.0,11.007694993155107,88.06155994524086
P0423,Johnson Jake,Gold Coast,DEF,28,298,17.48,10.93,6.55,7.73,0.0,0.16,0.12,0.02,70.15,464437,1.0,46,0.54,0,1,0,74.36,69.73708634516393,15.015402809243005,0.9,1.0,13.513862528318704,62.76337771064754
P0424,Smith Matt,St Kilda,FWD,24,5,17.89,10.31,7.58,4.19,4.05,1.35,0.55,0.0,83.54,583367,1.0,33,0.67,0,2,2,89.92,83.51163627608592,14.315454298252373,0.8,1.0,11.4523634386019,66.80930902086874
P0425,Wilson Matt,West Coast,FWD,27,62,13.68,7.78,5.9,2.74,1.76,2.95,0.0,0.27,68.41,418480,1.0,37,0.63,0,0,2,55.35,68.40985851036905,16.34722292830459,1.0,1.0,16.34722292830459,68.40985851036905
P0426,Smith Matt,Gold Coast,RUC,19,8,9.9,5.1,4.8,3.16,1.74,0.81,0.0,34.24,80.48,562320,1.2,39,0.61,0,1,3,68.1,80.47995062391294,14.31212665811512,0.9,1.6313,21.012634995644877,118.15824910751027
P0427,Miller Josh,Richmond,RUC,25,17,15.47,8.18,7.29,5.23,1.18,0.64,0.81,29.35,93.55,630766,1.0,16,0.84,0,0,1,86.61,93.55016647344046,14.83119991778892,1.0,1.0,14.83119991778892,93.55016647344046
P0428,Jones Jake,Collingwood,MID,22,182,20.62,10.86,9.76,7.38,2.45,0.41,0.36,0.29,87.15,546573,1.1,14,0.86,1,2,0,97.77,87.1495727262485,15.944727003757686,0.7200000000000001,1.292,14.832422847975552,81.07001853286542
P0429,Davis Jake,Essendon,DEF,18,0,21.52,14.5,7.02,9.34,6.18,0.26,1.0,0.08,112.9,726852,1.3,2,0.98,0,2,1,118.8,112.90021914790451,15.532765837874079,0.8,2.2061600000000006,27.414213344707434,199.26075798027287
P0430,Brown Sam,GWS,MID,28,274,24.18,12.35,11.83,7.4,5.02,0.82,0.71,0.42,109.05,691670,1.0,1,0.99,0,1,2,96.9,109.28352205275064,15.799951140392187,0.9,1.0,14.219956026352968,98.35516984747558
P0431,Jones Tom,Hawthorn,RUC,29,26,15.04,8.09,6.95,5.92,0.0,0.44,0.64,53.85,113.05,722042,0.95,19,0.81,0,0,2,125.17,113.0500823499686,15.656995347911701,1.0,1.0,15.656995347911701,113.0500823499686
P0432,Anderson Luke,Collingwood,DEF,19,1,20.71,14.25,6.46,2.07,1.04,0.3,1.1,0.09,69.03,519197,1.2,57,0.43,0,0,1,77.61,69.02992176022315,13.29551629925118,1.0,1.5718999999999999,20.899222070792927,108.50813401489475
P0433,Johnson Jack,Brisbane,RUC,35,14,14.98,8.09,6.89,6.4,1.64,1.04,0.77,21.87,92.71,558551,0.5,18,0.82,0,0,3,74.61,92.71003954111657,16.598312336942655,1.0,1.0,16.598312336942655,92.71003954111657
P0434,Brown Alex,Carlton,MID,20,6,13.33,7.5,5.83,6.23,7.36,0.95,0.62,0.57,89.21,610409,1.1,34,0.66,0,1,2,96.97,89.21028233670292,14.614837320010505,0.9,1.4828000000000001,19.503792700300423,119.05290598397679
P0435,Miller Ben,Gold Coast,RUC,26,78,14.2,8.07,6.13,5.59,4.41,0.95,0.69,38.98,116.26,713278,1.0,19,0.81,0,0,3,116.74,116.25895053311038,16.29924805378974,1.0,1.0,16.29924805378974,116.25895053311038
P0436,Wilson Josh,Brisbane,MID,31,37,32.73,17.78,14.95,5.05,3.65,0.32,0.57,0.5,116.01,720868,0.85,17,0.83,0,0,0,137.25,116.01042270856526,16.09315751407543,1.0,1.0,16.09315751407543,116.01042270856526
P0437,Anderson Luke,Sydney,FWD,22,40,19.31,10.14,9.17,6.07,0.76,2.21,0.33,0.0,83.66,551614,1.1,18,0.82,0,1,1,70.64,85.73801489304243,15.543117994293551,0.9,1.4124,19.75778986962619,108.98673501143983
P0438,Anderson Sam,Port Adelaide,FWD,18,0,9.31,4.76,4.55,4.83,2.9,2.21,1.2,0.28,64.2,440231,1.3,39,0.61,0,0,0,64.21,64.20033045812819,14.58332794785651,1.0,1.7963000000000005,26.196031992734657,115.3230536019357
P0439,Wilson Matt,Gold Coast,FWD,21,16,16.33,9.39,6.94,3.16,1.93,1.03,0.81,0.32,66.53,498099,1.0,31,0.69,1,2,0,69.73,66.53021095252427,13.356824838540987,0.7200000000000001,1.2518,12.03845279967764,59.96341301066633
P0440,Williams Ben,Collingwood,RUC,23,8,9.24,5.2,4.04,2.88,3.63,0.0,0.87,19.43,67.11,456338,1.05,51,0.49,0,0,2,53.91,65.50689847426516,14.354907650527714,1.0,1.2738000000000003,18.285281365242206,83.44268727651897
P0441,Williams Matt,Gold Coast,DEF,29,16,20.93,14.39,6.54,6.39,5.07,0.18,0.48,0.18,97.49,659737,0.95,13,0.87,1,3,0,96.78,97.47876452388314,14.775397548399306,0.63,1.0,9.308500455491563,61.41162165004638
P0442,Anderson Jack,Richmond,RUC,25,67,22.11,12.96,9.15,2.92,5.56,1.08,0.7,36.82,132.22,800000,1.0,18,0.82,1,3,0,106.01,132.22037027738637,16.527546284673296,0.63,1.0,10.412354159344176,83.2988332747534
P0443,Taylor Ben,Hawthorn,DEF,18,0,22.69,13.75,8.94,2.14,1.27,0.22,0.6,0.0,72.52,476223,1.3,57,0.43,0,0,2,59.52,72.51957248988509,15.22807014568492,1.0,1.7369000000000003,26.449635036040142,125.95924545768145
P0444,Smith Sam,Brisbane,FWD,25,56,18.31,10.26,8.04,7.92,5.01,2.7,0.63,0.72,108.2,708990,1.0,16,0.84,0,0,1,108.81,108.04180012322978,15.238832723060943,1.0,1.0,15.238832723060943,108.04180012322978
P0445,Davis Dan,Sydney,FWD,25,42,18.51,10.19,8.33,7.22,3.44,1.36,0.98,0.24,92.03,585295,1.0,33,0.67,1,2,0,79.06,91.75883789642535,15.677365755119272,0.7200000000000001,1.0,11.287703343685877,66.06636328542626
P0446,Anderson Josh,Adelaide,FWD,23,14,10.29,6.04,4.26,4.6,3.65,2.28,0.01,0.39,69.14,481512,1.05,32,0.68,0,0,2,64.69,69.14039557777403,14.359018171462814,1.0,1.3156000000000003,18.890724306376484,90.96110442211953
P0447,Wilson Jack,Western Bulldogs,DEF,29,12,17.45,11.59,5.87,6.77,4.26,0.43,0.09,0.32,86.86,575269,0.95,21,0.79,0,0,2,90.6,86.77800752456344,15.084770346492412,1.0,1.0,15.084770346492412,86.77800752456344
P0448,Williams Matt,North Melbourne,DEF,29,61,16.25,10.29,5.96,7.46,6.51,0.46,0.67,0.61,95.27,616902,0.95,20,0.8,0,0,1,83.98,95.25450852322288,15.440784520592068,1.0,1.0,15.440784520592068,95.25450852322288
P0449,Johnson Jack,Port Adelaide,DEF,32,42,20.8,13.79,7.01,3.44,1.95,0.29,0.0,0.74,75.95,524297,0.8,22,0.78,0,0,0,68.46,75.95017004955498,14.486096630260135,1.0,1.0,14.486096630260135,75.95017004955498
