player_id,name,team,position,age,games_played,avg_disposals,avg_kicks,avg_handballs,avg_marks,avg_tackles,avg_goals,avg_behinds,avg_hitouts,avg_score,price,potential,draft_pick,draft_value,injured_last_year,injury_history,games_last_3,form_last_5
P0000,Anderson Sam,St Kilda,RUC,27,8,19.57,10.09,9.48,6.37,4.15,0.36,0.36,34.34,121.8,766800,1.0,12,0.88,0,0,1,111.62
P0001,Jones Dan,Carlton,FWD,26,26,21.33,10.69,10.64,5.19,4.0,1.89,0.28,0.29,96.81,607491,1.0,21,0.79,0,0,3,84.16
P0002,Taylor Dan,Brisbane,FWD,19,8,16.59,8.35,8.24,4.65,4.8,2.56,0.23,0.27,90.51,628744,1.2,32,0.68,0,0,3,102.99
P0003,Davis Matt,Port Adelaide,MID,26,3,23.07,13.81,9.26,3.65,6.22,1.21,0.25,0.78,104.1,665309,1.0,6,0.94,0,0,1,85.92
P0004,Wilson Luke,North Melbourne,RUC,28,35,15.89,8.13,7.75,5.46,4.19,0.95,1.51,32.71,112.98,700238,1.0,13,0.87,0,0,0,91.8
P0005,Williams Jack,Essendon,MID,22,35,17.52,9.16,8.36,4.58,4.15,1.0,0.58,0.85,81.95,551153,1.1,36,0.64,0,2,2,92.03
P0006,Smith Dan,Port Adelaide,DEF,18,1,21.38,13.09,8.3,6.91,3.67,0.34,0.22,0.0,93.51,653201,1.3,19,0.81,0,3,1,93.41
P0007,Taylor Luke,West Coast,DEF,24,1,21.38,13.57,7.81,8.87,6.13,0.0,1.15,0.5,109.1,741528,1.0,16,0.84,1,2,0,97.84
P0008,Williams Tom,Fremantle,MID,29,96,23.05,11.87,11.18,8.87,5.16,0.63,0.72,0.76,110.5,684475,0.95,8,0.92,0,0,0,129.97
P0009,Johnson Dan,Adelaide,FWD,29,14,21.49,11.91,9.58,2.94,4.11,0.63,0.8,0.32,85.09,565121,0.95,35,0.65,0,0,2,96.89
P0010,Brown Josh,Melbourne,DEF,28,25,27.15,18.85,8.31,5.71,0.13,0.33,0.1,0.2,93.1,607831,1.0,26,0.74,0,1,2,85.95
P0011,Taylor Josh,Richmond,RUC,26,30,15.18,8.96,6.21,1.1,1.73,0.91,0.39,39.38,94.74,633561,1.0,39,0.61,0,0,3,77.45
P0012,Williams Tom,GWS,RUC,24,28,16.02,8.93,7.1,2.58,2.1,0.47,0.1,16.01,76.03,457527,1.0,46,0.54,0,2,0,67.18
P0013,Williams Tom,Hawthorn,RUC,26,53,16.68,9.51,7.17,1.93,1.59,0.65,0.65,34.11,93.74,728041,1.0,36,0.64,0,1,2,104.83
P0014,Anderson Ben,West Coast,MID,21,14,23.33,13.46,9.87,6.1,2.46,1.76,0.91,1.05,100.74,679285,1.0,6,0.94,0,0,1,112.63
P0015,Johnson Jake,Essendon,MID,32,4,21.61,12.78,8.83,1.9,4.31,0.87,1.14,0.67,86.03,572969,0.8,14,0.86,0,1,0,88.3
P0016,Wilson Dan,Richmond,DEF,27,21,22.4,14.48,7.92,5.16,4.28,0.3,1.08,0.35,95.11,633055,1.0,29,0.71,0,2,3,109.08
P0017,Anderson Alex,Western Bulldogs,FWD,20,25,18.82,10.95,7.86,7.27,3.67,1.08,0.24,0.42,92.25,582507,1.1,29,0.71,0,0,2,86.22
P0018,Taylor Jack,Brisbane,MID,24,41,16.42,8.78,7.64,5.9,4.84,0.0,1.06,0.92,80.66,584580,1.0,36,0.64,0,0,1,83.26
P0019,Taylor Sam,Port Adelaide,RUC,21,9,17.37,9.61,7.76,0.32,2.89,0.32,0.38,27.61,86.77,600156,1.0,12,0.88,0,1,1,86.53
P0020,Smith Josh,Collingwood,FWD,32,259,19.62,11.16,8.46,5.18,3.12,1.79,0.35,0.54,90.08,549759,0.8,27,0.73,0,0,2,80.47
P0021,Miller Jack,West Coast,FWD,22,2,23.44,13.54,9.9,0.93,5.36,1.76,0.3,0.3,95.76,623136,1.1,32,0.68,1,2,0,101.48
P0022,Davis Josh,Adelaide,DEF,25,3,20.05,13.14,6.91,6.05,5.0,0.59,1.15,0.39,96.45,605689,1.0,38,0.62,0,2,0,88.0
P0023,Taylor Jake,Gold Coast,FWD,26,22,13.84,7.24,6.6,3.4,0.99,1.74,1.02,0.0,60.56,368573,1.0,36,0.64,0,0,0,71.23
P0024,Johnson Sam,Hawthorn,MID,29,261,22.65,11.67,10.99,1.57,7.71,0.75,0.02,0.87,97.95,619696,0.95,39,0.61,1,4,0,110.21
P0025,Johnson Josh,Essendon,DEF,28,26,23.25,14.51,8.74,4.69,2.44,0.13,0.6,0.07,86.26,582407,1.0,24,0.76,1,2,0,69.78
P0026,Brown Tom,Western Bulldogs,RUC,25,32,18.46,10.85,7.61,2.47,2.6,0.95,0.37,37.02,108.63,691535,1.0,8,0.92,1,2,0,112.54
P0027,Williams Ben,Fremantle,FWD,28,19,17.59,9.71,7.87,6.94,3.97,2.97,0.54,0.27,100.2,636754,1.0,11,0.89,0,0,2,93.85
P0028,Jones Jack,Melbourne,FWD,26,9,14.24,7.61,6.63,4.87,4.43,1.21,0.34,0.4,76.46,484964,1.0,28,0.72,0,0,0,75.26
P0029,Davis Sam,Port Adelaide,MID,22,16,23.63,13.44,10.19,2.55,5.08,0.87,0.74,0.51,95.16,623032,1.1,11,0.89,0,1,2,103.55
P0030,Wilson Jake,Carlton,RUC,25,30,17.91,9.14,8.76,6.29,0.0,0.26,0.44,22.76,88.56,579940,1.0,36,0.64,0,0,1,75.09
P0031,Smith Matt,Hawthorn,FWD,24,3,23.92,13.24,10.68,8.05,3.81,1.17,0.24,0.26,107.98,656377,1.0,12,0.88,0,0,1,128.99
P0032,Wilson Sam,Fremantle,MID,24,66,13.61,6.92,6.69,6.59,5.29,1.52,0.67,0.48,85.35,587040,1.0,39,0.61,0,0,3,75.28
P0033,Wilson Jack,Adelaide,FWD,25,49,24.84,14.32,10.51,5.03,1.69,1.84,0.0,0.4,97.27,670844,1.0,30,0.7,0,0,2,85.66
P0034,Brown Matt,Essendon,RUC,34,134,13.19,6.73,6.45,4.68,3.97,0.71,0.7,28.84,96.78,624989,0.52,32,0.68,0,0,3,109.47
P0035,Jones Matt,Essendon,DEF,27,119,14.84,9.37,5.47,9.42,5.65,0.65,0.58,0.12,94.52,641283,1.0,21,0.79,0,0,2,89.05
P0036,Wilson Josh,Gold Coast,FWD,21,56,19.15,10.78,8.37,3.25,2.4,2.41,0.79,0.55,84.2,557688,1.0,32,0.68,0,0,1,75.73
P0037,Anderson Matt,Hawthorn,MID,31,7,24.81,13.73,11.07,3.44,0.61,0.82,0.19,1.25,82.48,634138,0.85,26,0.74,0,1,0,85.72
P0038,Anderson Jack,Melbourne,FWD,24,9,19.31,10.47,8.84,6.63,0.75,1.78,0.69,0.21,83.57,598371,1.0,10,0.9,1,4,0,93.27
P0039,Miller Sam,GWS,FWD,31,190,15.96,9.45,6.5,3.02,2.81,2.04,0.0,0.52,74.46,542637,0.85,20,0.8,1,2,0,83.48
P0040,Anderson Tom,Melbourne,RUC,24,22,17.42,10.31,7.11,3.33,3.12,0.44,0.14,32.5,102.96,676063,1.0,6,0.94,1,2,0,114.51
P0041,Jones Jack,West Coast,DEF,23,2,15.57,10.9,4.68,11.15,4.12,0.3,0.56,0.2,94.53,612848,1.05,26,0.74,0,0,0,93.47
P0042,Williams Dan,St Kilda,MID,34,55,34.75,19.1,15.65,4.29,5.48,0.57,0.25,0.43,127.49,800000,0.52,16,0.84,0,0,3,151.91
P0043,Taylor Ben,Carlton,DEF,27,0,15.48,9.45,6.03,4.95,4.98,0.06,0.43,0.34,76.29,496500,1.0,46,0.54,0,1,3,73.15
P0044,Wilson Alex,Western Bulldogs,FWD,26,24,13.0,7.66,5.34,3.95,4.57,1.44,0.03,0.02,72.48,503043,1.0,31,0.69,0,0,2,70.63
P0045,Johnson Tom,North Melbourne,MID,28,88,24.85,13.48,11.37,9.31,6.34,0.55,0.11,0.37,120.27,774657,1.0,11,0.89,0,0,3,101.88
P0046,Wilson Sam,Essendon,DEF,29,13,21.89,13.16,8.73,6.51,5.97,0.63,0.0,0.4,104.54,638842,0.95,2,0.98,0,0,0,114.49
P0047,Jones Jake,Melbourne,MID,21,25,18.24,9.66,8.58,3.1,10.26,1.0,0.24,0.56,103.29,690752,1.0,1,0.99,1,2,0,107.22
P0048,Williams Jack,Brisbane,MID,24,40,33.85,18.4,15.45,6.42,3.88,1.05,0.69,0.79,128.65,774792,1.0,19,0.81,0,0,3,109.96
P0049,Williams Alex,North Melbourne,RUC,29,79,15.36,8.92,6.44,5.93,4.59,0.36,0.04,35.06,113.09,726779,0.95,18,0.82,0,2,0,122.39
P0050,Williams Ben,Geelong,DEF,26,159,19.15,13.3,5.85,8.26,3.84,0.21,0.08,0.38,93.42,625540,1.0,20,0.8,1,2,0,100.75
P0051,Taylor Jake,Geelong,FWD,26,70,10.28,5.47,4.81,6.74,3.42,0.92,0.71,0.42,66.59,450946,1.0,36,0.64,0,6,1,73.71
P0052,Johnson Ben,North Melbourne,FWD,18,6,10.97,5.74,5.22,4.4,1.79,1.2,0.0,0.09,55.31,345610,1.3,36,0.64,0,0,3,61.64
P0053,Johnson Ben,Richmond,FWD,28,248,18.83,10.81,8.02,4.7,2.01,1.62,0.46,0.42,81.22,522277,1.0,34,0.66,1,5,0,91.82
P0054,Miller Sam,GWS,DEF,23,42,15.31,10.25,5.06,6.69,3.25,0.16,1.21,0.06,76.13,534913,1.05,25,0.75,0,0,3,68.99
P0055,Smith Tom,Brisbane,DEF,26,47,21.34,13.98,7.36,5.65,2.4,0.02,0.49,0.05,83.89,607203,1.0,12,0.88,1,2,0,90.04
P0056,Anderson Luke,Port Adelaide,FWD,35,156,15.88,8.49,7.39,6.36,5.77,2.47,0.68,0.23,98.12,672000,0.5,30,0.7,0,2,2,111.35
P0057,Jones Dan,Fremantle,RUC,25,130,14.52,7.94,6.59,3.19,3.96,0.97,0.27,32.74,101.21,638822,1.0,3,0.97,1,2,0,103.63
P0058,Johnson Jack,Carlton,DEF,23,0,17.32,11.14,6.18,5.3,6.21,0.41,0.33,0.06,89.39,601090,1.05,31,0.69,0,2,0,99.08
P0059,Wilson Tom,Western Bulldogs,MID,26,1,22.37,11.23,11.14,4.74,0.93,1.09,0.0,0.82,81.29,525544,1.0,33,0.67,0,0,1,70.35
P0060,Miller Jack,Richmond,RUC,23,60,13.94,8.31,5.63,1.23,2.15,0.85,0.27,22.57,76.4,527592,1.05,41,0.59,0,1,2,75.53
P0061,Davis Dan,Gold Coast,DEF,27,71,21.79,14.44,7.35,6.39,5.42,0.28,0.3,0.49,101.35,712124,1.0,6,0.94,0,0,0,104.67
P0062,Smith Tom,Port Adelaide,RUC,24,39,11.47,6.19,5.28,5.82,4.11,0.78,0.4,36.77,104.9,680845,1.0,18,0.82,0,0,1,116.48
P0063,Wilson Ben,Adelaide,DEF,23,11,24.3,16.96,7.34,7.26,2.04,0.37,1.01,0.23,98.98,685365,1.05,28,0.72,0,0,3,116.69
P0064,Brown Tom,Sydney,RUC,30,39,15.59,8.8,6.79,6.6,3.3,0.3,0.4,26.13,101.35,670795,0.9,13,0.87,0,0,0,113.09
P0065,Wilson Dan,Western Bulldogs,MID,19,7,30.99,17.02,13.97,4.65,3.48,0.64,0.64,0.08,111.41,705864,1.2,12,0.88,0,3,1,126.84
P0066,Williams Alex,West Coast,MID,35,2,27.06,14.6,12.46,8.02,8.28,1.04,0.12,0.84,133.1,800000,0.5,8,0.92,0,1,0,147.8
P0067,Davis Luke,Richmond,FWD,24,9,22.69,13.32,9.37,6.54,0.0,2.92,0.39,0.0,96.24,593841,1.0,33,0.67,0,0,2,89.51
P0068,Taylor Jack,St Kilda,DEF,26,26,18.8,11.9,6.9,9.9,2.82,0.27,0.68,0.0,92.77,610097,1.0,20,0.8,0,0,1,96.69
P0069,Wilson Matt,North Melbourne,DEF,29,49,19.36,12.66,6.7,5.36,3.1,0.33,0.31,0.1,82.23,527259,0.95,30,0.7,1,2,0,85.01
P0070,Williams Alex,Melbourne,MID,25,11,27.0,14.91,12.09,5.86,0.82,0.51,0.68,0.65,94.15,590582,1.0,29,0.71,0,0,3,84.93
P0071,Miller Matt,Hawthorn,RUC,25,58,15.5,7.93,7.57,4.93,3.21,0.65,0.0,37.92,108.39,728625,1.0,19,0.81,0,0,1,124.27
P0072,Taylor Sam,GWS,DEF,26,65,16.86,11.68,5.18,7.8,3.72,0.23,0.4,0.35,85.81,593296,1.0,28,0.72,0,1,1,90.28
P0073,Jones Matt,Adelaide,FWD,22,6,12.71,6.45,6.26,8.28,4.51,1.45,0.79,0.75,85.02,550345,1.1,21,0.79,0,0,0,79.62
P0074,Wilson Matt,North Melbourne,RUC,18,3,13.4,7.7,5.7,4.27,5.73,0.42,0.54,40.09,113.38,741686,1.3,4,0.96,0,0,1,99.53
P0075,Anderson Alex,Richmond,FWD,28,42,15.53,8.25,7.28,8.03,4.16,1.52,0.46,0.0,89.6,582813,1.0,13,0.87,0,0,2,97.09
P0076,Taylor Luke,Collingwood,FWD,21,33,17.4,9.35,8.05,3.0,3.1,4.04,0.67,0.38,90.82,629764,1.0,26,0.74,0,0,3,100.63
P0077,Anderson Jake,Collingwood,MID,32,7,20.86,11.73,9.13,9.45,2.52,1.01,0.39,0.28,98.61,655291,0.8,28,0.72,1,2,0,104.21
P0078,Davis Jack,Port Adelaide,MID,24,154,37.9,19.47,18.43,3.39,8.28,1.47,0.67,0.33,148.39,800000,1.0,4,0.96,0,0,0,171.78
P0079,Smith Sam,Fremantle,RUC,22,18,14.41,7.3,7.11,3.07,4.05,0.81,0.64,30.87,97.89,700869,1.1,29,0.71,0,0,2,117.24
P0080,Davis Jack,Gold Coast,MID,21,65,25.81,14.54,11.26,3.65,6.05,0.18,0.0,0.0,102.35,649112,1.0,15,0.85,1,5,0,82.7
P0081,Jones Ben,Fremantle,DEF,28,110,17.25,11.4,5.85,3.52,4.05,0.16,0.04,0.0,73.7,456496,1.0,57,0.43,0,0,3,67.21
P0082,Brown Tom,Carlton,MID,26,37,32.01,17.26,14.75,0.0,5.06,1.68,0.61,0.7,112.88,787338,1.0,7,0.93,0,0,0,127.27
P0083,Wilson Tom,Brisbane,RUC,27,42,15.36,8.42,6.94,5.37,0.6,0.35,0.26,37.45,97.44,645201,1.0,33,0.67,0,0,0,81.07
P0084,Williams Jack,Fremantle,DEF,18,2,25.03,16.43,8.6,4.87,2.8,0.63,0.05,0.18,96.29,654203,1.3,17,0.83,0,0,0,107.18
P0085,Jones Matt,Collingwood,FWD,18,4,21.65,11.97,9.68,2.91,2.69,1.9,0.35,0.5,86.98,536728,1.3,10,0.9,0,1,2,96.35
P0086,Johnson Alex,Fremantle,MID,28,8,21.02,11.63,9.38,3.01,4.94,0.02,0.14,1.12,83.81,551677,1.0,21,0.79,0,1,1,79.65
P0087,Smith Ben,Hawthorn,DEF,22,29,24.16,15.55,8.61,7.36,3.02,0.73,0.72,0.08,103.23,678339,1.1,3,0.97,0,0,0,103.99
P0088,Johnson Jack,Gold Coast,DEF,23,2,20.74,12.47,8.27,3.31,2.06,0.54,0.19,0.07,75.59,519610,1.05,30,0.7,0,0,2,83.58
P0089,Taylor Tom,Gold Coast,RUC,27,24,18.93,9.86,9.08,4.42,1.61,0.69,0.32,39.8,111.71,721428,1.0,12,0.88,0,1,1,133.16
P0090,Williams Ben,Hawthorn,RUC,27,12,14.37,7.72,6.65,1.39,0.08,0.67,0.35,31.18,76.53,499232,1.0,52,0.48,0,2,2,69.98
P0091,Wilson Tom,North Melbourne,DEF,24,49,21.13,13.65,7.48,6.98,5.47,0.43,0.55,0.43,102.32,625022,1.0,3,0.97,0,2,0,88.6
P0092,Smith Matt,St Kilda,RUC,29,79,15.06,8.35,6.72,4.36,6.9,0.67,0.73,15.91,99.83,660400,0.95,10,0.9,0,1,0,98.29
P0093,Miller Tom,Adelaide,RUC,21,42,13.14,7.43,5.7,5.65,1.71,0.63,0.2,39.5,100.99,700532,1.0,16,0.84,0,0,3,114.72
P0094,Miller Luke,Melbourne,DEF,27,31,21.9,14.24,7.66,5.42,2.12,0.54,0.36,0.32,86.72,559609,1.0,15,0.85,0,0,0,70.39
P0095,Anderson Josh,Geelong,DEF,33,5,18.82,12.38,6.44,9.72,7.77,0.63,0.31,0.39,114.73,763242,0.6,7,0.93,0,0,0,94.47
P0096,Williams Jake,Collingwood,DEF,18,0,23.2,14.68,8.52,4.31,3.73,0.4,0.56,0.0,91.88,618599,1.3,22,0.78,0,1,3,77.86
P0097,Anderson Luke,Sydney,MID,26,175,18.12,9.36,8.76,6.44,8.35,1.47,0.32,0.72,108.18,660053,1.0,14,0.86,0,0,1,127.11
P0098,Taylor Luke,Geelong,MID,23,76,20.0,10.95,9.06,3.09,3.09,0.37,0.36,0.0,75.19,522559,1.05,42,0.58,0,1,0,78.79
P0099,Taylor Dan,Adelaide,MID,24,9,25.55,14.65,10.91,2.87,5.28,0.7,0.65,0.78,101.09,673194,1.0,14,0.86,0,0,3,86.73
P0100,Taylor Matt,North Melbourne,DEF,21,3,18.74,11.67,7.07,7.27,3.1,0.5,0.41,0.73,87.51,579627,1.0,24,0.76,0,0,0,86.05
P0101,Wilson Luke,Sydney,MID,24,69,24.29,13.26,11.03,3.31,7.01,0.68,0.52,0.57,104.98,679217,1.0,11,0.89,0,0,1,120.61
P0102,Brown Matt,St Kilda,MID,26,95,23.74,13.94,9.8,4.42,1.87,1.15,0.45,0.48,90.0,685779,1.0,21,0.79,1,3,0,101.59
P0103,Brown Tom,Melbourne,RUC,25,13,10.69,6.19,4.5,6.81,4.62,0.37,0.52,40.25,109.43,732184,1.0,17,0.83,0,1,3,101.41
P0104,Jones Luke,Gold Coast,RUC,35,3,15.55,8.34,7.21,5.17,3.85,0.8,0.6,24.98,100.75,638200,0.5,14,0.86,0,4,1,85.53
P0105,Miller Matt,Fremantle,FWD,26,4,14.91,7.5,7.41,4.0,3.84,2.23,0.12,0.29,78.48,490577,1.0,56,0.44,0,0,3,93.8
P0106,Brown Jack,Brisbane,FWD,25,29,18.45,9.68,8.77,3.8,5.46,2.2,0.63,0.38,94.05,577878,1.0,35,0.65,0,0,2,105.57
P0107,Wilson Jack,Sydney,FWD,23,0,15.3,8.69,6.61,5.94,1.49,1.82,0.4,0.18,74.57,510402,1.05,50,0.5,0,0,3,71.84
P0108,Miller Dan,GWS,RUC,27,15,18.33,10.83,7.5,5.01,5.85,0.46,0.83,22.2,111.71,716640,1.0,9,0.91,0,0,3,94.31
P0109,Miller Jack,Richmond,FWD,24,68,19.69,10.42,9.27,5.39,3.48,2.71,0.7,0.19,97.03,620573,1.0,12,0.88,1,3,0,98.61
P0110,Taylor Matt,Richmond,FWD,18,1,21.12,12.13,8.99,5.86,4.35,2.72,0.72,0.34,106.72,670848,1.3,17,0.83,1,2,0,127.87
P0111,Johnson Dan,Essendon,FWD,21,1,18.95,11.2,7.75,6.95,3.75,2.15,0.0,0.5,98.38,660590,1.0,36,0.64,0,0,3,102.39
P0112,Smith Josh,Fremantle,DEF,31,18,22.97,14.96,8.01,5.51,2.31,0.73,0.54,0.16,91.78,617221,0.85,17,0.83,0,0,2,76.03
P0113,Williams Matt,Gold Coast,MID,24,20,17.04,9.32,7.71,3.87,9.56,0.28,0.79,0.0,95.74,695374,1.0,18,0.82,0,0,3,108.92
P0114,Smith Dan,West Coast,DEF,23,1,14.63,9.18,5.44,4.84,5.71,0.33,0.56,0.47,78.77,552385,1.05,38,0.62,1,3,0,64.43
P0115,Smith Jack,North Melbourne,FWD,26,13,21.08,11.96,9.12,7.1,1.53,2.65,0.75,0.41,98.59,605406,1.0,26,0.74,0,1,0,102.39
P0116,Miller Sam,St Kilda,FWD,22,25,24.02,13.56,10.46,5.46,4.37,1.09,0.64,0.3,102.95,635441,1.1,16,0.84,0,0,3,123.18
P0117,Brown Jake,Adelaide,RUC,24,84,12.69,7.37,5.32,3.74,0.77,0.81,0.28,27.32,79.55,522234,1.0,35,0.65,0,1,2,70.84
P0118,Smith Josh,Gold Coast,RUC,23,14,14.78,8.16,6.61,2.1,3.07,0.38,0.57,31.04,90.16,527455,1.05,27,0.73,0,0,1,100.68
P0119,Brown Ben,Essendon,FWD,29,52,18.44,10.25,8.19,5.06,3.63,0.59,0.25,0.01,80.6,520268,0.95,21,0.79,0,0,3,76.42
P0120,Taylor Ben,Collingwood,MID,25,3,25.78,14.46,11.33,4.96,5.79,0.29,0.7,0.54,107.08,677731,1.0,10,0.9,0,1,2,93.25
P0121,Taylor Tom,Adelaide,FWD,20,8,18.96,10.67,8.29,0.0,2.57,2.88,0.13,0.69,76.97,526727,1.1,29,0.71,0,0,1,78.3
P0122,Davis Ben,Port Adelaide,RUC,22,34,14.85,8.24,6.61,4.24,2.41,0.34,0.23,29.7,92.29,604614,1.1,25,0.75,0,0,1,91.97
P0123,Davis Sam,Melbourne,RUC,24,45,17.02,10.03,6.99,0.7,0.43,0.96,0.47,43.56,97.67,677732,1.0,18,0.82,0,0,0,103.15
P0124,Anderson Jack,Fremantle,RUC,28,145,17.37,8.74,8.63,4.12,4.62,0.93,0.34,40.47,120.68,800000,1.0,4,0.96,0,0,3,144.36
P0125,Jones Sam,Geelong,FWD,29,4,12.24,6.13,6.11,5.36,3.22,1.5,0.96,0.36,69.92,448625,0.95,41,0.59,0,1,0,64.5
P0126,Williams Matt,Fremantle,RUC,23,20,14.34,8.31,6.03,3.73,3.12,0.45,0.2,24.32,87.92,554592,1.05,37,0.63,0,1,3,84.58
P0127,Wilson Matt,Adelaide,RUC,19,0,15.77,8.23,7.55,6.22,2.28,0.68,0.46,23.2,95.31,654532,1.2,23,0.77,0,0,2,96.31
P0128,Johnson Josh,St Kilda,FWD,29,9,29.04,16.77,12.27,4.95,0.35,1.44,0.34,0.22,100.31,656409,0.95,1,0.99,0,0,0,100.75
P0129,Miller Dan,Western Bulldogs,DEF,18,14,18.28,11.12,7.16,6.37,1.89,0.34,0.0,0.41,76.84,475343,1.3,42,0.58,0,1,0,62.77
P0130,Miller Sam,Hawthorn,RUC,23,62,13.17,6.83,6.35,3.01,2.41,0.62,0.44,31.26,87.27,521411,1.05,21,0.79,0,7,0,87.22
P0131,Jones Jake,Sydney,RUC,22,11,11.34,5.73,5.61,3.32,5.18,0.6,0.69,32.4,95.76,590381,1.1,28,0.72,0,2,0,102.57
P0132,Taylor Alex,Gold Coast,FWD,30,24,21.24,11.99,9.25,8.1,1.86,2.15,0.24,0.27,99.62,605341,0.9,18,0.82,1,2,0,100.25
P0133,Smith Dan,Port Adelaide,MID,18,0,19.33,9.91,9.43,4.56,0.0,1.11,0.48,0.0,69.41,466885,1.3,32,0.68,0,3,2,74.33
P0134,Davis Josh,North Melbourne,FWD,27,6,20.37,10.72,9.64,5.2,5.32,1.01,0.55,0.01,94.97,621361,1.0,33,0.67,0,0,3,105.73
P0135,Williams Alex,Collingwood,RUC,26,124,16.7,9.36,7.34,2.94,2.94,0.75,1.14,44.18,113.17,741985,1.0,14,0.86,0,0,3,99.81
P0136,Wilson Luke,Hawthorn,DEF,20,59,16.24,10.6,5.64,8.25,5.04,0.27,0.59,0.28,90.46,645086,1.1,37,0.63,1,3,0,97.33
P0137,Smith Jack,Melbourne,DEF,24,12,17.82,12.05,5.77,6.91,3.7,0.32,0.11,0.28,85.57,569172,1.0,36,0.64,0,0,3,84.93
P0138,Jones Jack,Melbourne,FWD,26,12,19.48,11.61,7.87,5.1,3.5,1.66,0.29,0.0,90.11,595385,1.0,37,0.63,0,3,0,100.66
P0139,Taylor Alex,Melbourne,RUC,26,63,15.06,7.77,7.29,6.71,2.71,0.72,0.21,19.65,93.02,622314,1.0,10,0.9,0,1,1,74.87
P0140,Anderson Jack,Melbourne,RUC,25,66,11.03,5.8,5.24,3.16,0.81,1.55,1.18,18.29,69.37,456991,1.0,37,0.63,1,2,0,57.1
P0141,Brown Alex,Port Adelaide,MID,26,19,17.1,9.67,7.43,3.58,3.8,0.19,0.56,0.51,72.05,476596,1.0,43,0.57,0,3,2,70.22
P0142,Wilson Alex,Port Adelaide,RUC,28,160,14.13,8.33,5.8,6.12,2.39,0.39,0.62,2.23,69.7,428438,1.0,22,0.78,0,0,3,61.53
P0143,Miller Josh,Carlton,RUC,18,8,15.6,9.1,6.49,5.85,1.39,0.7,0.0,39.54,107.19,702758,1.3,1,0.99,0,0,0,118.58
P0144,Brown Jake,Essendon,MID,21,4,28.23,14.14,14.09,6.99,4.67,1.24,0.17,0.23,118.13,800000,1.0,5,0.95,0,0,3,133.15
P0145,Miller Matt,Sydney,MID,30,70,16.4,8.33,8.07,8.6,5.77,0.99,0.67,0.33,96.96,634905,0.9,18,0.82,1,2,0,100.9
P0146,Taylor Sam,Fremantle,DEF,27,9,23.84,16.62,7.22,3.59,3.64,0.25,0.44,0.24,91.77,598610,1.0,29,0.71,1,2,0,81.25
P0147,Wilson Dan,West Coast,DEF,26,132,26.7,17.34,9.35,3.82,3.23,0.44,0.41,0.37,98.51,638905,1.0,23,0.77,0,0,2,117.04
P0148,Williams Tom,Fremantle,RUC,27,2,15.15,8.34,6.81,5.05,3.63,0.65,0.0,25.79,97.99,670830,1.0,19,0.81,1,4,0,84.55
P0149,Davis Jack,Essendon,FWD,24,95,16.12,9.43,6.69,5.05,3.15,1.47,0.13,0.2,78.59,508511,1.0,44,0.56,0,2,1,90.47
P0150,Anderson Jake,Western Bulldogs,MID,32,30,21.71,10.98,10.73,6.08,4.69,1.35,0.14,0.84,100.54,668876,0.8,6,0.94,0,1,0,91.61
P0151,Davis Alex,Gold Coast,DEF,25,7,16.97,11.83,5.14,5.54,2.15,0.48,0.0,0.41,74.26,467659,1.0,30,0.7,0,0,0,73.75
P0152,Johnson Jake,Melbourne,MID,20,38,26.72,13.54,13.18,8.53,3.74,0.45,1.11,0.47,111.83,744081,1.1,13,0.87,0,0,2,109.62
P0153,Johnson Josh,Collingwood,RUC,33,19,12.07,7.17,4.9,1.83,5.15,0.54,0.69,25.99,87.32,569023,0.6,28,0.72,0,2,0,95.2
P0154,Williams Luke,Hawthorn,DEF,24,3,19.3,13.03,6.28,5.74,5.65,0.21,1.02,0.0,93.75,653953,1.0,15,0.85,0,0,2,78.43
P0155,Smith Ben,Adelaide,RUC,22,7,12.39,6.27,6.12,6.56,2.55,0.98,0.62,37.98,105.42,696110,1.1,12,0.88,0,2,2,92.78
P0156,Jones Tom,Richmond,FWD,28,30,14.99,7.8,7.19,3.81,4.61,1.66,0.6,0.57,78.8,549640,1.0,51,0.49,0,0,2,67.59
P0157,Jones Ben,Melbourne,RUC,19,8,16.28,8.8,7.48,3.29,2.95,0.3,0.72,22.79,88.34,575254,1.2,38,0.62,1,2,0,98.46
P0158,Anderson Jack,Port Adelaide,RUC,24,57,18.8,9.42,9.39,3.84,4.17,0.01,0.42,32.83,108.56,706020,1.0,15,0.85,0,1,0,121.99
P0159,Williams Luke,Geelong,MID,22,58,19.54,9.92,9.62,4.05,7.07,1.38,0.4,0.53,98.63,665847,1.1,23,0.77,0,0,0,90.58
P0160,Davis Dan,Sydney,RUC,25,7,20.23,10.29,9.95,3.58,3.64,0.27,0.53,27.7,105.86,639368,1.0,5,0.95,0,0,0,101.25
P0161,Davis Alex,GWS,RUC,18,3,9.36,5.33,4.03,2.7,3.8,0.0,0.6,30.03,77.98,545597,1.3,33,0.67,0,0,2,66.04
P0162,Miller Josh,Geelong,DEF,26,51,18.3,12.39,5.91,8.06,4.64,0.12,0.42,0.54,93.4,621309,1.0,32,0.68,0,2,2,100.77
P0163,Miller Dan,GWS,FWD,18,7,17.25,9.4,7.85,5.67,2.55,1.93,0.44,0.5,83.64,530913,1.3,36,0.64,0,2,0,69.16
P0164,Anderson Tom,St Kilda,FWD,25,3,15.76,8.47,7.29,4.41,5.02,1.14,0.12,0.16,80.41,488362,1.0,31,0.69,1,2,0,79.26
P0165,Williams Jake,West Coast,MID,30,6,18.06,9.21,8.84,5.21,3.84,1.37,0.0,0.0,84.56,566512,0.9,31,0.69,0,1,0,74.66
P0166,Jones Alex,Fremantle,RUC,26,63,15.65,8.76,6.89,5.18,3.47,1.06,0.47,38.88,115.17,704505,1.0,5,0.95,0,0,0,106.59
P0167,Wilson Ben,Melbourne,FWD,21,34,24.08,13.63,10.45,3.68,4.28,1.13,0.55,0.48,97.75,653092,1.0,16,0.84,0,0,0,105.36
P0168,Davis Dan,Hawthorn,MID,29,90,27.69,15.95,11.74,3.1,7.87,0.62,0.4,0.48,116.68,764818,0.95,18,0.82,0,0,2,108.42
P0169,Taylor Sam,Geelong,RUC,23,25,16.93,8.58,8.35,5.74,1.78,0.61,0.47,32.53,103.47,655690,1.05,15,0.85,1,2,0,97.69
P0170,Jones Ben,Fremantle,MID,20,2,30.57,16.85,13.72,1.5,1.94,0.53,0.9,0.45,94.81,642815,1.1,36,0.64,0,0,2,97.44
P0171,Miller Jake,Essendon,FWD,22,14,26.88,14.77,12.11,4.76,4.69,2.01,0.78,0.44,114.81,728189,1.1,2,0.98,1,4,0,120.85
P0172,Smith Josh,Hawthorn,MID,31,116,26.77,14.5,12.28,2.36,9.47,0.73,1.07,0.12,118.57,747536,0.85,12,0.88,0,1,3,136.67
P0173,Taylor Ben,Collingwood,MID,25,3,23.5,13.15,10.35,4.24,5.36,0.87,0.08,0.47,100.03,669264,1.0,13,0.87,0,0,2,119.08
P0174,Miller Dan,GWS,FWD,26,163,21.28,11.63,9.65,3.97,2.71,1.84,0.45,0.15,88.53,534692,1.0,39,0.61,0,0,0,76.04
P0175,Williams Matt,Gold Coast,FWD,27,12,13.13,6.59,6.54,4.1,4.64,0.92,0.56,0.1,69.86,477741,1.0,23,0.77,1,6,0,63.47
P0176,Davis Jack,Fremantle,FWD,22,9,22.03,11.02,11.01,5.23,2.85,2.25,0.96,0.29,96.94,609154,1.1,26,0.74,0,0,0,91.01
P0177,Williams Ben,Hawthorn,RUC,26,82,9.22,5.52,3.7,3.58,4.27,0.49,0.48,18.76,73.93,544674,1.0,36,0.64,0,1,1,84.56
P0178,Jones Josh,Gold Coast,FWD,26,38,12.98,7.13,5.85,2.53,3.99,0.32,0.23,0.47,59.29,417803,1.0,42,0.58,0,0,1,52.62
P0179,Williams Josh,Fremantle,FWD,25,6,19.78,10.63,9.15,3.94,4.79,2.09,0.62,0.13,94.48,630916,1.0,36,0.64,0,1,0,83.83
P0180,Williams Matt,Port Adelaide,FWD,30,3,24.65,13.25,11.39,3.47,1.69,0.89,0.2,0.35,85.6,540070,0.9,33,0.67,0,2,2,100.13
P0181,Wilson Alex,Sydney,DEF,30,46,22.43,15.04,7.39,5.65,5.21,0.26,0.84,0.57,100.66,676487,0.9,13,0.87,1,3,0,89.66
P0182,Johnson Tom,Adelaide,FWD,21,8,20.77,11.35,9.42,5.26,3.13,2.7,1.07,0.61,99.12,670647,1.0,37,0.63,0,0,3,112.41
P0183,Taylor Sam,Essendon,MID,23,2,32.82,17.34,15.48,1.65,3.69,0.31,0.54,0.2,105.27,669570,1.05,12,0.88,0,1,0,96.66
P0184,Davis Jack,Collingwood,FWD,27,20,17.02,9.28,7.73,5.94,5.92,1.35,0.3,0.0,93.23,635815,1.0,12,0.88,1,2,0,106.26
P0185,Brown Dan,North Melbourne,RUC,23,79,11.54,5.84,5.7,2.36,3.45,0.48,0.01,33.88,86.56,569639,1.05,27,0.73,0,1,3,95.35
P0186,Johnson Alex,Carlton,DEF,21,10,26.99,18.58,8.41,8.27,1.79,0.14,0.34,0.08,105.75,652824,1.0,11,0.89,0,1,0,115.69
P0187,Miller Luke,Richmond,MID,19,1,34.94,17.88,17.06,6.82,5.21,1.31,0.66,0.25,137.8,800000,1.2,8,0.92,0,0,2,159.76
P0188,Johnson Alex,Gold Coast,DEF,26,4,22.03,14.49,7.54,3.94,3.81,0.33,0.63,0.06,88.26,641989,1.0,18,0.82,1,2,0,90.66
P0189,Smith Jack,GWS,MID,22,3,22.9,11.51,11.39,1.99,5.25,0.81,0.62,0.56,90.35,568151,1.1,33,0.67,0,1,0,104.66
P0190,Miller Tom,Port Adelaide,MID,24,23,20.74,12.12,8.63,3.89,2.4,0.99,0.26,0.64,81.72,473239,1.0,30,0.7,0,2,0,95.9
P0191,Wilson Sam,St Kilda,MID,18,0,21.71,12.28,9.43,5.12,5.89,0.66,0.21,0.55,99.37,639997,1.3,20,0.8,0,2,2,82.55
P0192,Wilson Alex,Sydney,FWD,24,20,16.83,9.93,6.9,4.87,3.79,2.17,0.0,0.63,87.01,581069,1.0,37,0.63,0,0,2,70.62
P0193,Williams Tom,Port Adelaide,FWD,22,9,19.12,11.42,7.71,3.25,1.33,0.2,0.16,0.17,66.21,417727,1.1,51,0.49,1,2,0,54.11
P0194,Smith Jake,Port Adelaide,RUC,26,31,13.88,7.54,6.34,4.46,0.58,0.65,0.6,27.76,83.27,542087,1.0,19,0.81,0,1,2,89.82
P0195,Wilson Ben,Essendon,RUC,26,26,15.91,8.16,7.74,6.23,0.8,0.95,0.0,28.07,95.6,582609,1.0,22,0.78,0,0,0,110.41
P0196,Jones Jake,Brisbane,MID,23,42,18.95,11.18,7.77,4.61,3.49,1.22,0.35,1.0,85.54,544874,1.05,14,0.86,1,3,0,101.78
P0197,Davis Jack,Western Bulldogs,MID,18,0,31.59,17.64,13.95,4.82,4.92,0.11,0.51,0.95,117.09,765838,1.3,8,0.92,0,1,1,136.02
P0198,Anderson Matt,West Coast,RUC,27,133,13.35,6.8,6.55,1.02,2.08,0.7,0.5,23.8,73.43,470871,1.0,26,0.74,0,0,1,74.31
P0199,Wilson Luke,Essendon,FWD,22,4,19.82,10.44,9.38,2.69,0.37,1.69,0.47,0.33,70.58,461028,1.1,55,0.45,0,0,2,63.8
P0200,Taylor Sam,Geelong,DEF,26,93,16.8,11.41,5.39,6.29,1.74,0.39,0.57,0.62,74.38,407688,1.0,50,0.5,1,2,0,69.97
P0201,Smith Jack,Brisbane,RUC,18,4,8.81,4.99,3.82,7.34,3.02,0.48,0.3,26.94,86.82,559161,1.3,17,0.83,1,2,0,87.64
P0202,Davis Jake,Adelaide,RUC,29,94,16.91,9.47,7.44,2.92,3.03,0.34,0.2,27.83,94.26,605254,0.95,19,0.81,1,2,0,110.97
P0203,Johnson Tom,Hawthorn,MID,28,13,18.7,9.58,9.12,3.69,5.68,0.16,0.86,1.01,83.61,566033,1.0,31,0.69,0,0,3,89.4
P0204,Wilson Dan,Richmond,RUC,30,58,13.74,7.1,6.64,3.91,2.7,0.86,0.58,31.34,94.25,605668,0.9,31,0.69,0,0,3,112.77
P0205,Williams Jack,Adelaide,DEF,26,39,24.41,15.26,9.14,5.53,4.29,0.26,0.45,0.31,100.11,619125,1.0,16,0.84,1,3,0,116.24
P0206,Smith Luke,St Kilda,DEF,18,11,19.95,13.26,6.69,3.98,1.87,0.42,0.9,0.0,76.01,512829,1.3,35,0.65,0,1,3,67.67
P0207,Wilson Luke,Melbourne,FWD,21,1,17.26,10.17,7.09,1.07,2.41,0.41,0.84,0.25,61.11,415609,1.0,46,0.54,0,1,1,66.94
P0208,Wilson Dan,Geelong,DEF,24,45,24.33,16.11,8.23,5.08,0.52,0.51,0.41,0.27,85.85,557875,1.0,26,0.74,0,0,1,88.78
P0209,Johnson Dan,Sydney,RUC,25,31,12.29,6.43,5.86,5.66,3.71,0.5,0.17,25.29,91.28,622716,1.0,27,0.73,0,0,3,102.59
P0210,Williams Tom,Melbourne,RUC,29,24,17.25,10.25,7.0,6.59,3.33,0.35,0.53,36.97,117.41,764955,0.95,11,0.89,0,1,1,111.31
P0211,Wilson Alex,Melbourne,FWD,24,2,19.35,10.33,9.02,2.5,3.03,0.35,0.22,0.16,71.14,469654,1.0,37,0.63,0,0,1,75.68
P0212,Brown Dan,Hawthorn,MID,22,5,27.05,14.01,13.04,5.36,1.58,0.46,0.44,0.35,94.11,616981,1.1,20,0.8,0,1,0,76.87
P0213,Wilson Josh,Collingwood,DEF,21,16,20.31,14.03,6.28,2.85,2.39,0.29,1.09,0.18,75.76,462982,1.0,43,0.57,1,4,0,83.49
P0214,Williams Jake,Brisbane,RUC,29,91,16.3,8.6,7.7,4.84,1.78,0.47,1.29,26.06,93.01,623983,0.95,38,0.62,0,1,1,104.53
P0215,Jones Luke,North Melbourne,MID,22,3,29.22,15.9,13.33,2.47,8.06,0.85,0.43,0.32,119.85,793346,1.1,16,0.84,0,0,0,135.22
P0216,Williams Matt,Brisbane,DEF,26,78,25.54,16.94,8.6,6.93,6.69,0.4,1.18,0.18,119.37,792889,1.0,2,0.98,0,0,2,104.32
P0217,Brown Matt,Hawthorn,MID,18,4,28.71,14.39,14.32,5.86,3.73,1.02,0.81,0.07,111.32,707891,1.3,10,0.9,0,2,1,97.7
P0218,Miller Luke,Port Adelaide,RUC,29,300,23.25,12.1,11.16,3.23,2.52,0.0,0.77,40.81,119.93,717600,0.95,16,0.84,0,0,3,143.15
P0219,Miller Tom,Melbourne,DEF,29,2,23.69,16.41,7.28,5.47,3.0,0.11,0.45,0.3,93.6,599021,0.95,10,0.9,0,0,2,96.58
P0220,Miller Ben,Carlton,FWD,25,132,19.96,10.21,9.75,2.43,2.94,2.11,0.62,0.19,82.68,505677,1.0,23,0.77,1,2,0,91.99
P0221,Taylor Alex,Carlton,RUC,29,195,11.65,6.68,4.97,7.46,2.73,0.7,0.32,41.56,109.38,731056,0.95,4,0.96,0,0,2,90.48
P0222,Williams Ben,Brisbane,RUC,22,28,21.23,11.93,9.3,3.0,3.16,0.88,0.65,35.06,117.04,800000,1.1,6,0.94,0,0,1,110.22
P0223,Taylor Alex,Port Adelaide,FWD,30,11,25.43,13.92,11.52,9.19,5.39,2.54,0.49,0.14,129.8,800000,0.9,11,0.89,0,0,1,139.92
P0224,Taylor Sam,Sydney,FWD,24,13,13.75,8.13,5.62,5.33,2.45,1.56,0.75,0.11,71.58,474283,1.0,25,0.75,0,0,1,60.26
P0225,Anderson Sam,Western Bulldogs,DEF,21,2,25.51,15.95,9.56,3.31,5.7,0.09,0.0,0.2,100.45,677264,1.0,5,0.95,0,1,2,92.25
P0226,Davis Jake,Brisbane,DEF,27,24,17.73,11.41,6.32,9.2,7.36,0.41,0.72,0.04,107.16,721428,1.0,8,0.92,0,0,1,111.66
P0227,Taylor Sam,GWS,DEF,20,6,16.37,10.73,5.63,7.98,6.52,0.34,0.25,0.23,95.97,646064,1.1,11,0.89,1,3,0,89.05
P0228,Williams Jack,Hawthorn,DEF,25,44,24.6,15.35,9.25,7.58,5.57,0.14,0.67,0.0,111.09,722175,1.0,19,0.81,0,1,3,119.61
P0229,Miller Luke,Brisbane,DEF,24,34,21.94,14.76,7.18,4.01,3.25,0.17,0.13,0.0,84.83,608897,1.0,34,0.66,1,2,0,99.13
P0230,Williams Josh,North Melbourne,RUC,18,0,11.53,6.33,5.2,3.56,2.32,0.8,0.39,25.3,79.82,550429,1.3,47,0.53,0,1,3,68.54
P0231,Johnson Luke,West Coast,DEF,20,4,22.87,14.42,8.45,5.97,3.74,0.35,0.38,0.09,95.61,644430,1.1,12,0.88,0,1,3,99.35
P0232,Brown Luke,Carlton,RUC,24,66,20.42,10.99,9.43,4.51,2.5,0.1,0.53,31.69,108.15,753106,1.0,14,0.86,0,0,3,122.41
P0233,Wilson Jack,Sydney,MID,21,42,32.03,18.34,13.69,4.56,3.14,0.83,0.08,0.56,114.27,759434,1.0,8,0.92,0,2,1,126.87
P0234,Jones Alex,Adelaide,DEF,19,1,20.43,13.2,7.23,4.66,3.74,0.18,0.82,0.0,84.9,555150,1.2,36,0.64,0,0,1,95.69
P0235,Johnson Josh,West Coast,FWD,23,1,15.27,9.06,6.21,7.44,4.19,2.69,0.83,0.21,95.85,566748,1.05,25,0.75,0,1,0,97.91
P0236,Jones Alex,Fremantle,MID,27,64,26.84,14.04,12.8,2.93,7.21,0.77,0.76,0.48,111.21,747304,1.0,5,0.95,0,1,3,93.77
P0237,Taylor Alex,West Coast,FWD,30,27,16.21,8.82,7.38,5.21,6.06,2.22,0.6,0.3,95.33,621672,0.9,35,0.65,0,0,2,114.1
P0238,Jones Ben,GWS,MID,27,20,22.24,12.96,9.28,3.44,3.48,0.09,0.0,0.64,82.85,510245,1.0,13,0.87,0,2,1,77.22
P0239,Smith Jake,West Coast,MID,29,111,19.0,11.24,7.76,3.03,6.98,0.76,0.31,0.11,91.27,610239,0.95,35,0.65,0,0,0,77.24
P0240,Taylor Alex,Geelong,RUC,22,8,12.33,6.63,5.7,5.4,0.0,0.65,0.35,23.06,74.76,471625,1.1,26,0.74,0,1,2,79.11
P0241,Jones Jack,Western Bulldogs,MID,22,75,22.23,11.58,10.65,6.8,7.12,0.81,0.51,1.06,111.39,757118,1.1,12,0.88,0,0,1,123.33
P0242,Davis Jake,GWS,DEF,29,4,21.92,13.89,8.04,8.07,1.15,0.11,0.87,0.12,88.2,590567,0.95,18,0.82,0,0,0,78.93
P0243,Taylor Josh,St Kilda,FWD,28,11,21.91,11.99,9.92,0.4,2.22,0.0,0.39,0.4,66.69,410755,1.0,49,0.51,1,2,0,76.13
P0244,Davis Alex,Port Adelaide,DEF,19,7,20.89,13.02,7.87,5.36,6.16,0.44,0.27,0.08,98.55,631854,1.2,23,0.77,0,0,2,88.31
P0245,Brown Alex,West Coast,DEF,23,74,18.28,11.57,6.71,8.65,2.69,0.38,0.69,0.17,87.99,623201,1.05,16,0.84,0,0,1,86.76
P0246,Wilson Dan,Richmond,FWD,24,23,20.15,10.78,9.36,5.29,4.27,2.55,0.26,0.42,100.03,592937,1.0,12,0.88,0,0,3,117.67
P0247,Wilson Luke,Adelaide,DEF,24,39,17.72,11.43,6.29,4.52,6.58,0.07,0.59,0.3,88.09,627150,1.0,16,0.84,0,0,2,87.47
P0248,Smith Tom,Melbourne,DEF,29,21,21.82,15.19,6.63,10.53,5.36,0.53,0.0,0.45,115.49,755625,0.95,7,0.93,1,2,0,108.92
P0249,Taylor Matt,Richmond,FWD,31,102,20.63,12.33,8.3,1.28,4.3,1.54,0.8,0.34,85.02,543622,0.85,20,0.8,0,0,1,97.08
P0250,Johnson Ben,Geelong,FWD,23,16,19.44,10.04,9.4,5.63,5.76,1.07,0.69,0.4,96.32,571613,1.05,31,0.69,0,1,1,113.78
P0251,Miller Tom,Brisbane,MID,23,22,21.48,11.95,9.53,2.7,5.69,1.38,0.52,0.05,94.65,621606,1.05,28,0.72,0,0,2,99.32
P0252,Miller Jack,Melbourne,FWD,26,75,15.35,8.07,7.28,3.89,5.0,2.93,0.73,0.3,89.05,602830,1.0,21,0.79,1,2,0,103.07
P0253,Wilson Alex,Fremantle,MID,25,15,25.71,15.05,10.67,3.8,5.34,1.27,0.19,0.14,107.21,677620,1.0,15,0.85,0,0,1,119.34
P0254,Taylor Alex,Hawthorn,RUC,31,4,15.09,8.41,6.67,5.77,2.68,0.34,0.48,17.35,86.51,552484,0.85,13,0.87,0,0,1,80.12
P0255,Johnson Sam,West Coast,RUC,26,54,18.05,9.54,8.51,2.91,6.22,0.99,0.21,29.1,114.47,702182,1.0,12,0.88,0,0,1,133.37
P0256,Taylor Matt,Carlton,DEF,25,28,24.58,14.99,9.59,8.74,0.73,0.35,0.54,0.09,96.02,647408,1.0,22,0.78,1,2,0,106.25
P0257,Taylor Jack,Hawthorn,RUC,21,7,17.81,10.41,7.4,7.07,2.57,0.02,0.19,23.77,101.58,670898,1.0,19,0.81,0,0,2,119.63
P0258,Anderson Alex,Geelong,RUC,23,6,14.08,8.12,5.96,6.52,0.13,0.89,0.76,28.21,90.7,596585,1.05,32,0.68,0,1,0,106.49
P0259,Jones Luke,Melbourne,MID,24,14,26.11,14.88,11.22,6.19,3.82,0.75,0.05,0.52,106.01,662678,1.0,19,0.81,0,4,2,115.24
P0260,Anderson Jack,Carlton,DEF,28,74,21.58,14.12,7.46,3.43,5.75,0.24,0.39,0.71,93.09,592253,1.0,21,0.79,0,2,0,85.24
P0261,Smith Alex,Carlton,FWD,32,1,21.19,11.31,9.88,6.27,0.56,2.1,0.59,0.29,88.21,568440,0.8,35,0.65,0,1,1,88.72
P0262,Taylor Jack,St Kilda,FWD,23,83,24.93,13.2,11.73,8.24,2.77,2.63,0.69,0.38,115.71,755620,1.05,6,0.94,0,0,0,130.64
P0263,Taylor Alex,Essendon,MID,23,6,28.97,14.86,14.11,6.97,3.58,0.18,0.35,0.45,109.92,680550,1.05,4,0.96,0,0,3,109.27
P0264,Anderson Matt,Hawthorn,MID,21,4,29.91,15.07,14.84,4.8,2.78,0.28,0.45,1.08,103.64,699920,1.0,17,0.83,0,0,1,119.7
P0265,Jones Matt,Sydney,FWD,25,24,20.24,10.69,9.56,1.71,3.91,1.46,0.26,0.0,80.94,540115,1.0,19,0.81,0,0,2,73.13
P0266,Wilson Josh,Sydney,FWD,24,29,19.72,11.65,8.07,4.36,3.04,1.73,0.83,0.0,87.52,602219,1.0,22,0.78,0,0,2,88.69
P0267,Williams Josh,Essendon,DEF,24,3,19.41,12.22,7.19,6.53,2.71,0.34,0.32,0.0,83.79,585706,1.0,14,0.86,0,0,3,74.94
P0268,Brown Tom,Sydney,MID,25,79,27.36,14.06,13.3,7.11,5.4,1.45,0.27,0.69,121.38,771161,1.0,19,0.81,0,0,3,108.95
P0269,Johnson Ben,Richmond,DEF,28,186,18.83,12.13,6.7,6.58,0.01,0.08,0.46,0.39,70.88,459584,1.0,27,0.73,0,0,1,65.8
P0270,Jones Matt,Brisbane,MID,33,300,17.44,9.14,8.3,7.32,6.95,0.49,0.36,0.56,97.62,641277,0.6,10,0.9,0,1,0,110.96
P0271,Taylor Dan,Carlton,MID,25,5,27.21,13.79,13.42,1.96,4.82,1.02,0.58,0.39,100.46,638142,1.0,10,0.9,0,1,2,80.67
P0272,Smith Jake,Collingwood,MID,24,20,30.11,15.97,14.14,3.23,7.72,0.61,0.57,0.01,120.96,764669,1.0,5,0.95,1,3,0,105.62
P0273,Smith Jake,Port Adelaide,MID,18,5,20.42,11.77,8.65,6.87,3.82,0.61,0.78,0.0,92.98,640806,1.3,37,0.63,0,0,2,97.06
P0274,Williams Ben,Sydney,FWD,25,51,11.17,5.78,5.39,8.55,3.58,1.65,0.0,0.29,78.25,505990,1.0,37,0.63,0,0,2,64.25
P0275,Taylor Matt,Port Adelaide,DEF,26,5,22.86,15.49,7.37,7.18,5.36,0.36,0.58,0.04,107.0,727842,1.0,13,0.87,0,0,2,87.07
P0276,Anderson Alex,Hawthorn,MID,23,208,16.88,8.81,8.07,5.38,3.21,2.04,0.14,0.06,83.98,579978,1.05,29,0.71,0,0,0,92.12
P0277,Wilson Jack,Geelong,FWD,23,14,15.53,9.23,6.3,7.24,3.55,1.5,0.23,0.37,85.85,593526,1.05,18,0.82,0,0,3,77.73
P0278,Jones Tom,Melbourne,MID,28,201,27.56,16.47,11.09,7.66,7.64,0.94,0.34,0.24,131.35,800000,1.0,2,0.98,0,1,2,129.22
P0279,Taylor Sam,Fremantle,FWD,25,14,20.44,11.29,9.14,4.3,0.0,3.1,0.88,0.08,84.59,585924,1.0,11,0.89,0,0,0,89.85
P0280,Wilson Dan,St Kilda,FWD,24,21,21.87,11.1,10.77,6.99,3.79,1.63,0.59,0.0,101.35,610721,1.0,15,0.85,0,0,3,114.34
P0281,Smith Jake,Richmond,MID,18,3,21.19,10.79,10.4,5.96,7.99,0.6,0.84,0.35,107.84,705952,1.3,16,0.84,1,2,0,110.98
P0282,Jones Alex,Port Adelaide,DEF,29,81,27.4,18.29,9.11,4.84,1.69,0.47,0.53,0.28,97.99,649547,0.95,28,0.72,0,0,3,101.07
P0283,Anderson Sam,Western Bulldogs,MID,27,16,27.25,15.37,11.88,5.4,4.84,0.83,0.66,0.36,111.43,694014,1.0,5,0.95,0,0,1,129.91
P0284,Brown Ben,Collingwood,FWD,20,2,20.7,11.77,8.94,7.93,3.81,1.59,0.57,0.0,102.34,662688,1.1,5,0.95,0,0,1,104.98
P0285,Smith Matt,Adelaide,DEF,26,106,17.03,10.5,6.52,5.9,4.98,0.33,0.22,0.28,84.66,540231,1.0,22,0.78,0,0,0,71.27
P0286,Smith Sam,Melbourne,FWD,27,39,19.99,10.17,9.82,3.74,2.26,1.74,0.29,0.12,81.27,516949,1.0,15,0.85,1,2,0,68.35
P0287,Anderson Alex,Richmond,DEF,20,0,17.9,11.57,6.32,3.87,5.44,0.12,0.59,0.05,82.11,552292,1.1,27,0.73,0,0,0,68.26
P0288,Jones Alex,Hawthorn,FWD,27,32,12.65,7.43,5.22,4.1,1.49,2.82,0.15,0.17,68.28,491197,1.0,59,0.41,0,0,3,80.17
P0289,Brown Luke,Fremantle,FWD,28,300,15.72,8.19,7.53,6.7,1.16,3.16,0.32,0.3,83.96,544782,1.0,20,0.8,0,1,1,70.14
P0290,Brown Sam,Port Adelaide,DEF,26,58,16.35,11.1,5.25,4.4,1.88,0.15,0.55,0.19,66.17,448189,1.0,43,0.57,0,1,2,56.32
P0291,Miller Sam,Fremantle,MID,26,97,31.55,17.07,14.48,8.27,7.62,0.36,0.4,0.42,138.48,800000,1.0,4,0.96,0,1,1,138.81
P0292,Davis Matt,Gold Coast,FWD,23,43,22.15,11.39,10.75,2.66,6.41,1.81,1.0,0.3,101.45,641089,1.05,12,0.88,0,1,0,114.16
P0293,Jones Josh,Essendon,MID,32,100,32.36,16.27,16.09,3.69,5.12,0.68,0.58,0.54,117.78,772515,0.8,17,0.83,0,0,0,107.94
P0294,Miller Alex,Western Bulldogs,MID,24,7,38.19,20.87,17.32,5.56,4.65,0.95,1.16,0.46,139.86,800000,1.0,12,0.88,0,0,1,117.44
P0295,Taylor Jack,GWS,DEF,23,78,15.37,10.31,5.05,7.12,0.0,0.05,0.22,0.39,63.33,436059,1.05,48,0.52,0,0,2,56.88
P0296,Jones Josh,Western Bulldogs,RUC,25,0,12.16,6.58,5.59,4.27,0.74,0.62,0.44,38.13,88.96,603148,1.0,18,0.82,1,3,0,81.82
P0297,Smith Dan,Gold Coast,RUC,24,54,14.41,8.09,6.31,4.19,2.3,0.2,0.7,18.44,79.01,541375,1.0,39,0.61,0,2,1,87.6
P0298,Jones Dan,Carlton,MID,26,10,27.74,16.1,11.64,4.07,6.54,0.85,1.06,0.15,116.27,776935,1.0,3,0.97,1,5,0,95.09
P0299,Brown Jake,Carlton,DEF,25,16,17.78,12.37,5.42,6.57,5.07,0.41,0.6,0.4,91.35,583794,1.0,35,0.65,0,0,3,92.69
P0300,Anderson Ben,Carlton,DEF,21,19,20.14,12.59,7.54,7.04,4.99,0.3,0.98,0.28,97.01,623503,1.0,12,0.88,1,2,0,98.8
P0301,Taylor Ben,Richmond,DEF,25,3,20.72,13.36,7.36,6.87,4.22,0.36,0.42,0.32,95.19,606506,1.0,22,0.78,0,1,3,90.82
P0302,Smith Ben,Carlton,FWD,26,64,14.64,7.47,7.16,7.72,3.04,2.02,0.52,0.45,85.14,579910,1.0,24,0.76,0,1,1,84.18
P0303,Davis Sam,Western Bulldogs,FWD,27,64,18.55,10.98,7.57,5.41,4.2,4.07,0.57,0.55,106.63,680455,1.0,17,0.83,0,0,0,114.72
P0304,Anderson Jake,Western Bulldogs,DEF,20,3,16.28,10.58,5.7,7.91,2.15,0.34,0.48,0.08,78.1,470495,1.1,43,0.57,0,1,3,91.13
P0305,Davis Luke,Geelong,MID,30,24,20.63,12.18,8.45,4.68,4.63,0.46,0.48,0.5,89.76,595826,0.9,29,0.71,0,0,1,97.03
P0306,Wilson Luke,Hawthorn,MID,19,1,25.67,13.82,11.85,5.22,5.21,1.41,0.57,0.71,111.38,689840,1.2,6,0.94,0,0,3,97.79
P0307,Johnson Matt,Western Bulldogs,FWD,18,19,27.41,15.74,11.68,5.64,2.28,2.42,0.66,0.1,111.88,697459,1.3,19,0.81,0,1,0,122.87
P0308,Smith Josh,North Melbourne,FWD,19,8,17.04,9.63,7.42,4.24,0.2,1.33,0.0,0.02,65.25,465088,1.2,35,0.65,0,0,1,55.08
P0309,Davis Alex,Fremantle,RUC,23,3,14.3,7.43,6.86,2.57,3.55,0.54,0.0,33.97,95.13,625506,1.05,33,0.67,0,2,1,88.11
P0310,Johnson Luke,Port Adelaide,MID,20,40,29.0,14.8,14.2,5.3,1.52,0.68,0.32,0.51,99.71,685101,1.1,15,0.85,0,1,1,81.65
P0311,Miller Alex,Western Bulldogs,MID,25,27,13.88,6.95,6.93,0.17,5.05,0.39,0.98,0.0,58.75,370794,1.0,59,0.41,0,0,2,58.76
P0312,Jones Josh,Richmond,DEF,24,6,16.57,10.5,6.07,5.9,3.51,0.73,0.79,0.38,80.9,549557,1.0,39,0.61,0,0,3,69.79
P0313,Davis Matt,Melbourne,MID,27,141,23.56,13.36,10.2,3.86,8.98,1.03,0.82,0.89,115.88,755108,1.0,8,0.92,0,1,2,95.6
P0314,Johnson Matt,Gold Coast,DEF,24,5,22.01,14.06,7.95,5.75,4.62,0.17,0.22,0.15,95.21,654812,1.0,21,0.79,0,0,1,105.79
P0315,Wilson Jake,Gold Coast,RUC,29,113,9.99,5.88,4.11,6.64,2.81,0.17,0.58,19.67,78.29,479353,0.95,34,0.66,0,0,2,84.8
P0316,Davis Sam,Richmond,RUC,32,28,13.03,7.4,5.63,3.47,3.75,0.48,0.34,31.95,94.06,566439,0.8,32,0.68,1,2,0,90.84
P0317,Wilson Jake,Fremantle,DEF,23,2,24.91,15.63,9.28,6.11,4.57,0.19,0.74,0.2,104.15,678763,1.05,13,0.87,0,0,1,122.68
P0318,Taylor Alex,North Melbourne,FWD,24,21,11.6,6.48,5.13,2.94,2.34,3.03,0.13,0.3,66.46,486407,1.0,49,0.51,0,2,0,54.22
P0319,Davis Ben,Essendon,RUC,27,51,12.25,7.22,5.03,4.09,5.62,0.42,0.89,39.66,109.57,733065,1.0,17,0.83,0,0,1,112.26
P0320,Williams Alex,Hawthorn,FWD,31,111,9.53,5.32,4.21,5.21,3.45,1.65,0.0,0.3,64.05,412763,0.85,25,0.75,0,0,0,56.1
P0321,Taylor Josh,North Melbourne,FWD,27,79,21.46,11.31,10.15,6.87,0.36,2.23,0.89,0.2,90.75,579020,1.0,24,0.76,0,0,2,81.76
P0322,Williams Dan,Essendon,RUC,26,93,14.62,8.34,6.27,2.52,4.28,0.17,0.17,34.58,98.01,696948,1.0,10,0.9,0,0,0,82.12
P0323,Smith Dan,Carlton,RUC,27,200,11.78,6.7,5.08,6.84,2.81,0.38,0.23,37.76,102.33,685548,1.0,15,0.85,0,1,2,108.47
P0324,Davis Ben,North Melbourne,FWD,25,26,14.02,7.88,6.14,6.29,2.98,1.01,0.72,0.0,73.52,537593,1.0,25,0.75,0,0,0,87.22
P0325,Jones Ben,Geelong,DEF,27,11,17.27,10.5,6.77,5.45,3.97,0.33,0.63,0.22,80.1,555925,1.0,33,0.67,1,3,0,91.17
P0326,Miller Ben,Melbourne,RUC,27,31,19.16,11.42,7.74,4.95,3.41,0.78,0.43,37.23,120.55,753470,1.0,5,0.95,0,0,0,112.16
P0327,Brown Tom,Fremantle,RUC,22,31,15.0,8.43,6.56,4.09,3.68,0.57,0.16,13.25,82.27,566478,1.1,18,0.82,0,1,1,81.74
P0328,Williams Luke,Richmond,DEF,26,0,13.0,8.17,4.83,6.47,5.91,0.0,0.2,0.53,77.95,534950,1.0,49,0.51,0,0,2,73.0
P0329,Taylor Alex,Richmond,DEF,26,165,15.72,10.73,4.99,5.68,2.85,0.3,0.69,0.36,73.45,498323,1.0,48,0.52,0,0,1,68.74
P0330,Johnson Luke,Richmond,DEF,21,38,13.91,9.39,4.52,4.83,3.3,0.35,0.8,0.17,67.99,531050,1.0,24,0.76,0,0,3,68.62
P0331,Johnson Alex,North Melbourne,FWD,28,79,16.42,8.62,7.8,3.31,3.96,2.02,0.33,0.0,79.73,538418,1.0,26,0.74,0,0,2,89.88
P0332,Anderson Josh,Geelong,MID,30,51,23.74,14.08,9.66,9.47,3.23,0.57,0.17,0.05,106.5,710394,0.9,5,0.95,0,1,0,106.39
P0333,Taylor Dan,Western Bulldogs,RUC,19,5,14.07,7.61,6.46,6.83,0.65,0.14,0.54,30.57,90.82,587887,1.2,33,0.67,0,0,3,86.75
P0334,Taylor Jack,North Melbourne,FWD,22,3,19.85,10.61,9.24,3.79,4.1,2.29,0.61,0.49,92.92,559179,1.1,19,0.81,0,1,0,106.46
P0335,Williams Luke,Geelong,MID,29,13,19.19,11.13,8.06,4.27,7.62,0.4,1.04,0.2,96.47,624469,0.95,10,0.9,0,0,1,88.93
P0336,Williams Matt,GWS,RUC,29,96,14.13,7.44,6.69,2.82,1.89,0.49,0.07,12.96,67.7,446755,0.95,48,0.52,1,2,0,58.33
P0337,Miller Sam,Adelaide,FWD,30,1,19.47,10.8,8.66,4.83,4.72,1.09,0.87,0.24,90.79,624261,0.9,32,0.68,0,2,1,77.82
P0338,Jones Jake,Geelong,DEF,25,45,19.96,12.13,7.84,6.95,0.51,0.19,0.58,0.15,76.81,546659,1.0,26,0.74,0,0,1,66.36
P0339,Smith Ben,Richmond,MID,34,26,27.18,14.37,12.81,7.79,5.1,0.85,0.37,0.34,118.34,771538,0.52,3,0.97,1,2,0,122.51
P0340,Jones Alex,Adelaide,DEF,18,2,22.7,15.39,7.31,2.0,6.86,0.14,0.6,0.13,95.81,604863,1.3,14,0.86,0,0,3,83.85
P0341,Johnson Ben,Carlton,FWD,30,110,18.72,11.15,7.57,5.5,4.89,2.13,0.51,0.22,98.15,680681,0.9,27,0.73,1,2,0,115.25
P0342,Jones Jake,Hawthorn,FWD,21,1,21.08,11.63,9.45,6.52,2.32,0.74,0.45,0.1,87.63,593141,1.0,27,0.73,0,0,2,80.23
P0343,Miller Dan,Hawthorn,MID,25,16,33.42,19.51,13.91,5.16,1.07,1.23,0.0,0.41,113.85,697663,1.0,14,0.86,0,0,0,114.23
P0344,Taylor Jake,Geelong,RUC,18,2,15.93,8.25,7.68,4.8,3.14,0.24,0.04,30.05,98.63,676297,1.3,33,0.67,0,0,0,86.44
P0345,Jones Jake,GWS,DEF,25,77,16.82,10.1,6.72,5.88,6.46,0.33,0.88,0.63,90.67,591454,1.0,34,0.66,0,0,0,76.72
P0346,Davis Josh,Gold Coast,RUC,25,12,13.96,7.06,6.91,5.03,2.08,0.48,0.6,39.47,101.37,656443,1.0,8,0.92,0,0,1,88.1
P0347,Anderson Matt,North Melbourne,RUC,24,66,15.59,9.16,6.43,7.02,3.96,0.06,0.71,23.64,101.92,674219,1.0,9,0.91,0,0,0,83.72
P0348,Taylor Jack,Hawthorn,MID,21,17,30.29,16.77,13.51,6.3,4.29,0.98,0.6,0.27,120.15,764850,1.0,13,0.87,1,2,0,138.77
P0349,Miller Josh,Melbourne,RUC,18,17,15.3,9.08,6.22,3.67,4.55,0.68,0.42,32.32,105.72,717624,1.3,13,0.87,1,2,0,108.98
P0350,Smith Josh,Melbourne,FWD,23,13,13.58,6.97,6.61,5.21,6.09,1.29,0.4,0.56,82.85,486631,1.05,35,0.65,0,0,3,78.51
P0351,Miller Alex,Fremantle,RUC,20,18,8.21,4.78,3.43,5.09,1.23,0.02,0.22,19.44,61.13,463424,1.1,29,0.71,0,1,0,65.44
P0352,Brown Jake,Geelong,DEF,31,1,23.16,13.98,9.18,5.53,4.68,0.13,0.63,0.42,97.43,657774,0.85,10,0.9,0,0,2,101.99
P0353,Smith Jack,Collingwood,MID,31,41,33.35,19.46,13.89,4.27,1.66,1.61,0.35,0.64,116.28,787526,0.85,14,0.86,0,0,3,110.84
P0354,Williams Sam,Gold Coast,DEF,22,15,23.53,14.76,8.77,7.99,3.81,0.73,0.21,0.0,105.65,614464,1.1,13,0.87,1,2,0,102.97
P0355,Anderson Jake,Brisbane,FWD,25,29,17.66,8.85,8.8,6.29,2.12,2.16,0.2,0.5,85.15,491219,1.0,18,0.82,0,0,2,85.97
P0356,Wilson Matt,GWS,RUC,25,5,16.51,8.84,7.66,5.74,3.48,0.07,0.65,35.5,109.53,697450,1.0,4,0.96,0,1,3,105.51
P0357,Williams Ben,North Melbourne,FWD,27,119,25.07,12.84,12.23,7.08,3.14,1.59,0.45,0.0,106.76,680776,1.0,13,0.87,0,2,1,105.09
P0358,Brown Josh,Hawthorn,FWD,27,31,22.72,12.66,10.06,5.26,2.28,2.67,0.25,0.35,99.66,648263,1.0,34,0.66,0,1,0,90.91
P0359,Davis Tom,GWS,FWD,31,37,20.25,11.4,8.85,7.14,4.52,0.65,0.47,0.24,96.05,577710,0.85,24,0.76,0,0,2,80.56
P0360,Williams Sam,Collingwood,FWD,18,2,18.03,10.42,7.61,3.55,4.09,2.13,0.51,0.45,87.23,501713,1.3,15,0.85,0,0,1,87.4
P0361,Davis Josh,Collingwood,RUC,26,121,13.5,8.03,5.47,2.57,2.49,0.2,0.33,30.38,84.61,512833,1.0,18,0.82,0,1,1,73.47
P0362,Brown Josh,GWS,MID,29,75,35.01,20.79,14.22,3.91,4.25,1.05,0.45,0.41,126.71,800000,0.95,9,0.91,0,0,2,118.53
P0363,Smith Luke,Richmond,RUC,21,34,20.7,12.22,8.47,4.13,1.45,0.76,0.62,33.18,110.13,698033,1.0,7,0.93,0,2,1,127.93
P0364,Smith Matt,St Kilda,FWD,22,42,22.33,12.08,10.25,7.33,1.76,0.41,0.26,0.0,88.5,637679,1.1,13,0.87,0,4,2,72.58
P0365,Wilson Tom,GWS,RUC,35,30,15.84,9.42,6.42,4.74,4.13,0.13,0.0,29.79,102.39,658040,0.5,17,0.83,0,0,1,93.16
P0366,Brown Josh,Melbourne,RUC,28,1,12.97,7.74,5.23,1.14,3.39,0.32,0.28,28.51,81.39,597588,1.0,31,0.69,0,0,2,80.82
P0367,Miller Josh,North Melbourne,MID,19,19,26.82,15.94,10.88,0.63,5.55,1.14,0.7,0.12,101.32,659454,1.2,6,0.94,0,1,1,101.83
P0368,Taylor Jake,Melbourne,MID,26,46,32.39,16.24,16.15,5.45,3.94,1.02,0.2,0.25,119.7,791340,1.0,14,0.86,0,1,1,105.07
P0369,Smith Ben,Melbourne,DEF,29,6,25.77,17.02,8.75,1.13,5.37,0.14,0.13,0.24,94.6,609625,0.95,12,0.88,0,0,2,87.99
P0370,Smith Ben,Sydney,FWD,25,13,23.45,11.87,11.58,2.79,4.23,2.15,0.0,0.22,97.17,676356,1.0,15,0.85,0,0,2,115.46
P0371,Anderson Dan,Collingwood,MID,18,8,23.24,12.75,10.49,1.26,5.83,0.44,0.23,0.69,89.93,636733,1.3,19,0.81,0,0,1,75.56
P0372,Anderson Sam,Western Bulldogs,RUC,22,14,13.39,7.79,5.6,4.11,4.83,0.42,0.67,42.0,111.42,732194,1.1,17,0.83,0,0,3,97.83
P0373,Johnson Jake,Melbourne,MID,19,2,33.36,17.54,15.82,0.47,4.3,0.71,0.08,0.71,107.91,651832,1.2,16,0.84,0,1,2,100.75
P0374,Williams Tom,Richmond,FWD,28,8,19.79,10.97,8.82,5.05,2.92,2.18,0.66,0.21,91.33,587595,1.0,35,0.65,0,3,3,107.16
P0375,Williams Dan,Geelong,FWD,29,183,18.04,9.75,8.29,5.97,3.01,2.7,0.71,0.17,92.88,574918,0.95,16,0.84,0,2,2,81.21
P0376,Taylor Sam,Western Bulldogs,RUC,22,6,17.54,10.15,7.39,3.76,2.2,1.37,0.25,32.23,105.98,725528,1.1,5,0.95,0,0,2,111.93
P0377,Wilson Luke,St Kilda,DEF,24,23,15.34,9.26,6.08,6.99,3.08,0.19,0.6,0.37,75.35,515559,1.0,29,0.71,0,1,3,74.11
P0378,Davis Dan,Western Bulldogs,RUC,31,43,12.07,6.8,5.28,1.99,2.67,1.47,0.68,37.16,94.29,639596,0.85,36,0.64,0,0,2,94.3
P0379,Smith Jake,Fremantle,FWD,23,90,19.02,10.7,8.33,2.93,4.59,0.87,0.49,0.21,81.84,563820,1.05,30,0.7,0,1,1,89.04
P0380,Williams Josh,Gold Coast,DEF,27,46,17.94,11.56,6.38,6.22,4.28,0.04,0.23,0.08,83.75,584855,1.0,35,0.65,0,1,1,97.63
P0381,Davis Jake,Geelong,DEF,18,10,23.18,15.85,7.32,4.87,3.93,0.21,0.67,0.23,94.69,587903,1.3,30,0.7,1,3,0,88.91
P0382,Wilson Jack,Western Bulldogs,DEF,25,26,21.6,14.26,7.34,5.36,4.23,0.51,0.0,0.0,93.57,593786,1.0,25,0.75,0,0,0,100.65
P0383,Taylor Tom,Brisbane,DEF,25,66,23.79,16.2,7.59,5.81,3.85,0.15,0.64,0.3,98.43,662123,1.0,10,0.9,0,0,1,105.18
P0384,Jones Jack,Sydney,MID,30,12,22.66,12.06,10.6,6.5,5.04,0.06,0.58,0.56,98.55,636985,0.9,24,0.76,0,0,2,108.0
P0385,Williams Luke,Fremantle,FWD,27,67,24.72,12.71,12.01,5.42,4.45,1.91,0.77,0.09,108.56,671117,1.0,14,0.86,1,2,0,111.18
P0386,Jones Dan,St Kilda,RUC,24,0,14.34,7.3,7.04,2.98,0.18,0.68,0.26,16.97,66.96,464764,1.0,24,0.76,0,0,1,58.32
P0387,Brown Tom,Sydney,MID,31,43,21.81,12.67,9.15,1.86,2.73,0.87,1.03,0.81,79.85,532938,0.85,52,0.48,0,0,2,68.14
P0388,Davis Ben,Brisbane,DEF,27,18,17.09,11.39,5.71,6.96,2.25,0.26,0.75,0.0,77.77,491522,1.0,44,0.56,0,2,3,68.33
P0389,Anderson Tom,Geelong,RUC,19,4,17.48,8.92,8.56,4.05,5.72,0.2,0.15,36.68,116.94,714449,1.2,18,0.82,1,2,0,131.13
P0390,Johnson Ben,Gold Coast,MID,28,18,18.09,9.58,8.51,7.14,4.39,1.61,0.06,0.5,94.98,599682,1.0,14,0.86,0,0,3,83.71
P0391,Jones Jack,North Melbourne,DEF,22,40,16.77,10.83,5.95,3.57,6.28,0.31,0.36,0.0,82.42,562835,1.1,20,0.8,0,0,1,81.09
P0392,Smith Jake,Melbourne,RUC,18,2,17.67,9.56,8.11,3.45,5.57,0.71,0.1,14.62,96.53,617323,1.3,30,0.7,0,0,1,100.61
P0393,Miller Ben,Carlton,MID,22,15,24.49,14.26,10.24,7.25,5.77,0.38,0.79,0.5,111.67,740105,1.1,5,0.95,0,0,1,107.67
P0394,Miller Luke,Sydney,MID,25,20,23.68,12.73,10.95,4.43,2.43,1.35,0.26,0.65,92.13,637868,1.0,16,0.84,0,2,0,89.76
P0395,Williams Josh,Fremantle,MID,23,21,26.17,14.56,11.61,8.5,4.91,1.02,1.3,0.46,119.97,749235,1.05,10,0.9,0,0,0,129.94
P0396,Miller Alex,North Melbourne,DEF,27,43,18.69,11.63,7.06,7.66,2.74,0.36,0.44,0.13,85.65,489255,1.0,10,0.9,0,0,2,70.21
P0397,Davis Ben,Port Adelaide,RUC,24,36,12.18,6.96,5.22,3.09,3.75,0.66,0.0,35.14,94.69,648359,1.0,20,0.8,0,0,2,97.92
P0398,Anderson Ben,Hawthorn,FWD,20,2,20.37,12.03,8.34,6.25,4.67,1.18,0.57,0.2,98.07,623338,1.1,39,0.61,0,1,3,112.97
P0399,Taylor Sam,Geelong,FWD,34,2,14.93,7.88,7.05,4.84,2.32,1.17,0.51,0.38,69.44,493960,0.52,48,0.52,0,2,3,75.87
P0400,Jones Luke,Gold Coast,RUC,24,13,9.14,5.34,3.8,5.51,1.08,0.62,0.56,23.6,72.39,507315,1.0,31,0.69,0,3,2,65.42
P0401,Anderson Matt,Western Bulldogs,DEF,22,63,21.14,13.89,7.26,8.6,2.62,0.47,1.12,0.0,96.41,604843,1.1,28,0.72,0,1,3,95.37
P0402,Williams Jack,Hawthorn,MID,21,17,19.0,10.36,8.63,3.39,6.38,0.18,0.6,0.93,86.63,577978,1.0,26,0.74,0,1,1,97.43
P0403,Williams Ben,Western Bulldogs,DEF,28,17,22.47,14.54,7.93,4.99,7.49,0.37,0.58,0.07,107.26,713870,1.0,7,0.93,0,0,0,113.39
P0404,Smith Jake,Collingwood,FWD,18,2,17.06,9.5,7.56,1.04,0.75,2.72,0.35,0.52,66.92,471999,1.3,32,0.68,0,0,1,66.54
P0405,Smith Luke,Collingwood,MID,24,26,29.78,16.13,13.65,4.15,6.11,0.54,0.6,0.1,116.49,703902,1.0,8,0.92,1,2,0,135.76
P0406,Brown Josh,North Melbourne,RUC,22,40,14.62,8.19,6.43,3.96,0.87,0.75,0.0,36.04,93.35,609972,1.1,31,0.69,0,1,1,85.15
P0407,Anderson Alex,Sydney,DEF,28,6,14.26,9.49,4.77,5.27,5.01,0.4,0.48,0.47,77.23,522580,1.0,41,0.59,0,0,1,91.56
P0408,Jones Luke,Hawthorn,DEF,23,24,19.62,13.16,6.46,5.31,2.63,0.18,0.73,0.45,81.13,502340,1.05,24,0.76,0,2,0,87.84
P0409,Taylor Dan,Melbourne,MID,27,32,34.07,18.71,15.36,5.49,5.25,0.75,0.16,0.53,129.49,800000,1.0,4,0.96,0,1,3,154.47
P0410,Johnson Sam,St Kilda,DEF,21,5,18.15,12.59,5.56,1.49,4.67,0.25,0.17,0.39,74.11,476088,1.0,43,0.57,0,0,2,67.87
P0411,Anderson Josh,Western Bulldogs,DEF,24,51,16.33,10.51,5.82,5.9,5.32,0.34,0.59,0.25,85.05,575187,1.0,31,0.69,0,0,2,101.34
P0412,Davis Dan,Geelong,MID,21,3,18.88,10.54,8.34,5.56,1.09,0.51,0.02,0.4,72.83,475823,1.0,33,0.67,0,0,0,58.42
P0413,Davis Matt,Port Adelaide,MID,32,33,22.58,12.8,9.78,4.78,4.07,1.04,0.23,0.67,95.73,644125,0.8,13,0.87,0,5,0,83.5
P0414,Williams Josh,North Melbourne,FWD,30,77,11.68,6.24,5.44,6.18,6.81,2.05,0.0,0.64,88.36,537727,0.9,36,0.64,1,2,0,105.18
P0415,Taylor Jack,Melbourne,MID,27,29,26.51,14.41,12.09,4.72,5.2,1.3,0.21,0.52,110.9,735288,1.0,5,0.95,1,2,0,111.51
P0416,Johnson Matt,Fremantle,FWD,26,191,23.04,12.99,10.05,4.64,3.98,1.58,1.04,0.09,99.49,657993,1.0,37,0.63,0,1,2,101.82
P0417,Miller Matt,Port Adelaide,MID,18,1,31.5,16.29,15.22,7.12,1.77,0.32,0.66,0.58,110.91,713311,1.3,7,0.93,0,0,3,125.7
P0418,Davis Sam,Fremantle,DEF,23,0,24.07,15.95,8.12,7.96,6.65,0.16,1.08,0.18,116.78,743313,1.05,6,0.94,0,0,1,107.15
P0419,Wilson Josh,Gold Coast,RUC,19,8,11.53,5.84,5.69,4.35,4.86,0.87,0.42,38.2,105.21,625994,1.2,4,0.96,0,1,3,115.57
P0420,Davis Jake,Sydney,FWD,24,93,20.4,11.39,9.01,0.54,5.82,2.05,0.23,0.0,89.62,523847,1.0,11,0.89,0,0,1,76.48
P0421,Miller Jake,Essendon,RUC,34,202,13.61,7.37,6.23,2.94,4.3,0.49,0.11,16.05,79.72,518199,0.52,49,0.51,0,1,2,66.07
P0422,Davis Ben,North Melbourne,MID,27,97,34.05,17.43,16.63,6.32,7.17,0.94,0.7,0.29,139.78,800000,1.0,19,0.81,1,3,0,133.18
P0423,Johnson Jake,Gold Coast,DEF,28,298,17.48,10.93,6.55,7.73,0.0,0.16,0.12,0.02,70.15,464437,1.0,46,0.54,0,1,0,74.36
P0424,Smith Matt,St Kilda,FWD,24,5,17.89,10.31,7.58,4.19,4.05,1.35,0.55,0.0,83.54,583367,1.0,33,0.67,0,2,2,89.92
P0425,Wilson Matt,West Coast,FWD,27,62,13.68,7.78,5.9,2.74,1.76,2.95,0.0,0.27,68.41,418480,1.0,37,0.63,0,0,2,55.35
P0426,Smith Matt,Gold Coast,RUC,19,8,9.9,5.1,4.8,3.16,1.74,0.81,0.0,34.24,80.48,562320,1.2,39,0.61,0,1,3,68.1
P0427,Miller Josh,Richmond,RUC,25,17,15.47,8.18,7.29,5.23,1.18,0.64,0.81,29.35,93.55,630766,1.0,16,0.84,0,0,1,86.61
P0428,Jones Jake,Collingwood,MID,22,182,20.62,10.86,9.76,7.38,2.45,0.41,0.36,0.29,87.15,546573,1.1,14,0.86,1,2,0,97.77
P0429,Davis Jake,Essendon,DEF,18,0,21.52,14.5,7.02,9.34,6.18,0.26,1.0,0.08,112.9,726852,1.3,2,0.98,0,2,1,118.8
P0430,Brown Sam,GWS,MID,28,274,24.18,12.35,11.83,7.4,5.02,0.82,0.71,0.42,109.05,691670,1.0,1,0.99,0,1,2,96.9
P0431,Jones Tom,Hawthorn,RUC,29,26,15.04,8.09,6.95,5.92,0.0,0.44,0.64,53.85,113.05,722042,0.95,19,0.81,0,0,2,125.17
P0432,Anderson Luke,Collingwood,DEF,19,1,20.71,14.25,6.46,2.07,1.04,0.3,1.1,0.09,69.03,519197,1.2,57,0.43,0,0,1,77.61
P0433,Johnson Jack,Brisbane,RUC,35,14,14.98,8.09,6.89,6.4,1.64,1.04,0.77,21.87,92.71,558551,0.5,18,0.82,0,0,3,74.61
P0434,Brown Alex,Carlton,MID,20,6,13.33,7.5,5.83,6.23,7.36,0.95,0.62,0.57,89.21,610409,1.1,34,0.66,0,1,2,96.97
P0435,Miller Ben,Gold Coast,RUC,26,78,14.2,8.07,6.13,5.59,4.41,0.95,0.69,38.98,116.26,713278,1.0,19,0.81,0,0,3,116.74
P0436,Wilson Josh,Brisbane,MID,31,37,32.73,17.78,14.95,5.05,3.65,0.32,0.57,0.5,116.01,720868,0.85,17,0.83,0,0,0,137.25
P0437,Anderson Luke,Sydney,FWD,22,40,19.31,10.14,9.17,6.07,0.76,2.21,0.33,0.0,83.66,551614,1.1,18,0.82,0,1,1,70.64
P0438,Anderson Sam,Port Adelaide,FWD,18,0,9.31,4.76,4.55,4.83,2.9,2.21,1.2,0.28,64.2,440231,1.3,39,0.61,0,0,0,64.21
P0439,Wilson Matt,Gold Coast,FWD,21,16,16.33,9.39,6.94,3.16,1.93,1.03,0.81,0.32,66.53,498099,1.0,31,0.69,1,2,0,69.73
P0440,Williams Ben,Collingwood,RUC,23,8,9.24,5.2,4.04,2.88,3.63,0.0,0.87,19.43,67.11,456338,1.05,51,0.49,0,0,2,53.91
P0441,Williams Matt,Gold Coast,DEF,29,16,20.93,14.39,6.54,6.39,5.07,0.18,0.48,0.18,97.49,659737,0.95,13,0.87,1,3,0,96.78
P0442,Anderson Jack,Richmond,RUC,25,67,22.11,12.96,9.15,2.92,5.56,1.08,0.7,36.82,132.22,800000,1.0,18,0.82,1,3,0,106.01
P0443,Taylor Ben,Hawthorn,DEF,18,0,22.69,13.75,8.94,2.14,1.27,0.22,0.6,0.0,72.52,476223,1.3,57,0.43,0,0,2,59.52
P0444,Smith Sam,Brisbane,FWD,25,56,18.31,10.26,8.04,7.92,5.01,2.7,0.63,0.72,108.2,708990,1.0,16,0.84,0,0,1,108.81
P0445,Davis Dan,Sydney,FWD,25,42,18.51,10.19,8.33,7.22,3.44,1.36,0.98,0.24,92.03,585295,1.0,33,0.67,1,2,0,79.06
P0446,Anderson Josh,Adelaide,FWD,23,14,10.29,6.04,4.26,4.6,3.65,2.28,0.01,0.39,69.14,481512,1.05,32,0.68,0,0,2,64.69
P0447,Wilson Jack,Western Bulldogs,DEF,29,12,17.45,11.59,5.87,6.77,4.26,0.43,0.09,0.32,86.86,575269,0.95,21,0.79,0,0,2,90.6
P0448,Williams Matt,North Melbourne,DEF,29,61,16.25,10.29,5.96,7.46,6.51,0.46,0.67,0.61,95.27,616902,0.95,20,0.8,0,0,1,83.98
P0449,Johnson Jack,Port Adelaide,DEF,32,42,20.8,13.79,7.01,3.44,1.95,0.29,0.0,0.74,75.95,524297,0.8,22,0.78,0,0,0,68.46
